"","lat","long","cluster"
"1",-6.23093,38.33523,1
"2",-6.2306,38.3361,1
"3",-6.23023,38.3363,1
"4",-6.23087,38.33658,1
"5",-6.23088,38.33667,1
"6",-6.23096,38.3369,1
"7",-6.2274,38.33711,1
"8",-6.22718,38.33721,1
"9",-6.2312,38.33739,1
"10",-6.22773,38.33751,1
"11",-6.23107,38.3376,1
"12",-6.2259,38.33783,1
"13",-6.22519,38.33945,1
"14",-6.22228,38.34071,1
"15",-6.22247,38.34085,1
"16",-6.22257,38.34128,1
"17",-6.22487,38.34258,1
"18",-6.22222,38.34294,1
"19",-6.22208,38.34404,1
"20",-6.23049,38.34445,1
"21",-6.23047,38.34461,1
"22",-6.23093,38.34518,1
"23",-6.23464,38.34566,1
"24",-6.23453,38.34609,1
"25",-6.22343,38.3476,1
"26",-6.22338,38.34784,1
"27",-6.23168,38.34867,1
"28",-6.23188,38.34888,1
"29",-6.23424,38.35048,1
"30",-6.2344,38.35102,1
"31",-6.38581,38.56495,1
"32",-6.38678,38.5654,1
"33",-6.38674,38.56586,1
"34",-6.3864,38.56594,1
"35",-6.38586,38.56601,1
"36",-6.38683,38.56606,1
"37",-6.38284,38.56685,1
"38",-6.38396,38.56691,1
"39",-6.38396,38.56691,1
"40",-6.3746,38.56833,1
"41",-6.37579,38.56868,1
"42",-6.37589,38.56889,1
"43",-6.37459,38.56897,1
"44",-6.39419,38.56898,1
"45",-6.39286,38.56907,1
"46",-6.37515,38.56911,1
"47",-6.37573,38.56931,1
"48",-6.39359,38.56936,1
"49",-6.37505,38.56974,1
"50",-6.37854,38.56982,1
"51",-6.37758,38.56992,1
"52",-6.37542,38.57031,1
"53",-6.37478,38.57041,1
"54",-6.38535,38.57068,1
"55",-6.37848,38.57077,1
"56",-6.37807,38.57085,1
"57",-6.3853,38.57085,1
"58",-6.37701,38.57113,1
"59",-6.37427,38.57119,1
"60",-6.39552,38.57154,1
"61",-6.3791,38.5717,1
"62",-6.39619,38.57177,1
"63",-6.37988,38.57184,1
"64",-6.37513,38.57224,1
"65",-6.37729,38.57233,1
"66",-6.37762,38.57273,1
"67",-6.37769,38.5728,1
"68",-6.3785,38.57286,1
"69",-6.38212,38.57306,1
"70",-6.37512,38.57326,1
"71",-6.37933,38.5733,1
"72",-6.3751,38.57345,1
"73",-6.37503,38.57351,1
"74",-6.37503,38.57372,1
"75",-6.37652,38.57385,1
"76",-6.38155,38.57408,1
"77",-6.38199,38.57427,1
"78",-6.38172,38.57443,1
"79",-6.38859,38.57481,1
"80",-6.37528,38.57505,1
"81",-6.38145,38.57513,1
"82",-6.381,38.57514,1
"83",-6.38839,38.57526,1
"84",-6.39263,38.57531,1
"85",-6.37621,38.57563,1
"86",-6.38987,38.57589,1
"87",-6.37463,38.57679,1
"88",-6.37398,38.57692,1
"89",-6.38185,38.57704,1
"90",-6.37381,38.57727,1
"91",-6.37375,38.5773,1
"92",-6.38001,38.57732,1
"93",-6.38193,38.57732,1
"94",-6.39478,38.57761,1
"95",-6.37767,38.57767,1
"96",-6.37591,38.57803,1
"97",-6.38027,38.57808,1
"98",-6.37305,38.57808,1
"99",-6.37641,38.57816,1
"100",-6.3742,38.57824,1
"101",-6.37838,38.57828,1
"102",-6.39391,38.57832,1
"103",-6.3733,38.57837,1
"104",-6.37931,38.57839,1
"105",-6.37862,38.57847,1
"106",-6.37521,38.57851,1
"107",-6.37492,38.57863,1
"108",-6.37493,38.57867,1
"109",-6.39389,38.57874,1
"110",-6.37272,38.5788,1
"111",-6.37796,38.57902,1
"112",-6.37295,38.5791,1
"113",-6.37769,38.57933,1
"114",-6.37402,38.57943,1
"115",-6.37402,38.57946,1
"116",-6.37745,38.57948,1
"117",-6.39337,38.57951,1
"118",-6.37431,38.57965,1
"119",-6.37252,38.57973,1
"120",-6.37413,38.57976,1
"121",-6.37381,38.58015,1
"122",-6.38675,38.58067,1
"123",-6.39154,38.58077,1
"124",-6.39173,38.58116,1
"125",-6.39231,38.58244,1
"126",-6.39247,38.58251,1
"127",-6.39245,38.58251,1
"128",-6.39258,38.5831,1
"129",-6.23093,38.33523,1
"130",-6.57168,38.83664,2
"131",-6.57173,38.83707,2
"132",-6.5719,38.83653,2
"133",-6.57277,38.8374,2
"134",-6.57277,38.83741,2
"135",-6.57299,38.83608,2
"136",-6.5748,38.83627,2
"137",-6.57487,38.83826,2
"138",-6.57494,38.83807,2
"139",-6.57496,38.83643,2
"140",-6.57613,38.83659,2
"141",-6.57631,38.83775,2
"142",-6.57699,38.83601,2
"143",-6.57873,38.83728,2
"144",-6.57935,38.83661,2
"145",-6.57985,38.83587,2
"146",-6.58033,38.83885,2
"147",-6.58054,38.83928,2
"148",-6.58055,38.83414,2
"149",-6.58079,38.8357,2
"150",-6.58124,38.84444,2
"151",-6.58158,38.84489,2
"152",-6.58163,38.84385,2
"153",-6.58206,38.84351,2
"154",-6.5821,38.84423,2
"155",-6.58237,38.84557,2
"156",-6.58251,38.84411,2
"157",-6.58277,38.84538,2
"158",-6.583,38.84235,2
"159",-6.58338,38.84283,2
"160",-6.58365,38.84041,2
"161",-6.58411,38.84323,2
"162",-6.58433,38.84499,2
"163",-6.58509,38.84956,2
"164",-6.58551,38.83736,2
"165",-6.5856,38.84383,2
"166",-6.58576,38.84292,2
"167",-6.58578,38.84224,2
"168",-6.58608,38.84939,2
"169",-6.58612,38.8422,2
"170",-6.58628,38.84185,2
"171",-6.58679,38.83965,2
"172",-6.58698,38.83933,2
"173",-6.58726,38.84678,2
"174",-6.58741,38.8404,2
"175",-6.58756,38.84064,2
"176",-6.58756,38.84238,2
"177",-6.58765,38.84246,2
"178",-6.58773,38.84025,2
"179",-6.58787,38.83989,2
"180",-6.58792,38.84133,2
"181",-6.58803,38.82988,2
"182",-6.58804,38.83081,2
"183",-6.58816,38.84938,2
"184",-6.58818,38.85,2
"185",-6.58834,38.83552,2
"186",-6.58849,38.84059,2
"187",-6.58852,38.84854,2
"188",-6.58852,38.84531,2
"189",-6.58853,38.84871,2
"190",-6.58854,38.84067,2
"191",-6.58859,38.8406,2
"192",-6.5886,38.84219,2
"193",-6.58867,38.8502,2
"194",-6.58867,38.8502,2
"195",-6.58867,38.8502,2
"196",-6.58869,38.83988,2
"197",-6.58879,38.84664,2
"198",-6.58886,38.85142,2
"199",-6.58895,38.82992,2
"200",-6.58903,38.84342,2
"201",-6.58904,38.84133,2
"202",-6.58905,38.83211,2
"203",-6.58912,38.84099,2
"204",-6.58912,38.84074,2
"205",-6.58913,38.84035,2
"206",-6.58914,38.8415,2
"207",-6.58914,38.84539,2
"208",-6.58918,38.83999,2
"209",-6.58926,38.82799,2
"210",-6.58933,38.83718,2
"211",-6.58939,38.8389,2
"212",-6.5894,38.84018,2
"213",-6.5894,38.84764,2
"214",-6.58941,38.83701,2
"215",-6.58946,38.83829,2
"216",-6.58953,38.84217,2
"217",-6.58953,38.84217,2
"218",-6.58954,38.84521,2
"219",-6.58957,38.83926,2
"220",-6.58961,38.83846,2
"221",-6.58962,38.83472,2
"222",-6.58968,38.84586,2
"223",-6.58984,38.83576,2
"224",-6.5899,38.83511,2
"225",-6.59001,38.82907,2
"226",-6.59015,38.83466,2
"227",-6.59022,38.84071,2
"228",-6.59025,38.83456,2
"229",-6.5903,38.83435,2
"230",-6.59043,38.84235,2
"231",-6.59051,38.83861,2
"232",-6.59054,38.83725,2
"233",-6.59055,38.83912,2
"234",-6.59056,38.83586,2
"235",-6.5908,38.84481,2
"236",-6.59081,38.84046,2
"237",-6.59084,38.84256,2
"238",-6.59094,38.84195,2
"239",-6.59097,38.84118,2
"240",-6.59098,38.83924,2
"241",-6.59105,38.84105,2
"242",-6.5911,38.83436,2
"243",-6.59145,38.83641,2
"244",-6.59148,38.84427,2
"245",-6.5915,38.83926,2
"246",-6.59151,38.84499,2
"247",-6.59165,38.83679,2
"248",-6.59173,38.8421,2
"249",-6.59207,38.84425,2
"250",-6.5921,38.83239,2
"251",-6.59216,38.84085,2
"252",-6.59265,38.83209,2
"253",-6.59296,38.83251,2
"254",-6.59381,38.84205,2
"255",-6.59404,38.8421,2
"256",-6.59424,38.83956,2
"257",-6.59486,38.82871,2
"258",-6.37509,38.59039,3
"259",-6.36671,38.60234,3
"260",-6.36523,38.59813,3
"261",-6.3645,38.59913,3
"262",-6.36385,38.60202,3
"263",-6.36273,38.60416,3
"264",-6.36257,38.60725,3
"265",-6.3621,38.60415,3
"266",-6.36201,38.60402,3
"267",-6.36105,38.60862,3
"268",-6.36024,38.61117,3
"269",-6.36006,38.61098,3
"270",-6.35932,38.60662,3
"271",-6.35684,38.58917,3
"272",-6.35497,38.60292,3
"273",-6.35387,38.60972,3
"274",-6.35331,38.62936,3
"275",-6.35162,38.60234,3
"276",-6.35131,38.62053,3
"277",-6.35102,38.61983,3
"278",-6.351,38.61748,3
"279",-6.3508,38.61974,3
"280",-6.35074,38.62046,3
"281",-6.3507,38.61945,3
"282",-6.35036,38.62066,3
"283",-6.35014,38.62074,3
"284",-6.34995,38.62738,3
"285",-6.34984,38.62359,3
"286",-6.34961,38.62202,3
"287",-6.34958,38.62223,3
"288",-6.34926,38.6288,3
"289",-6.34921,38.62341,3
"290",-6.34916,38.62614,3
"291",-6.34841,38.61572,3
"292",-6.34794,38.61998,3
"293",-6.34727,38.61579,3
"294",-6.34692,38.61703,3
"295",-6.34663,38.62165,3
"296",-6.34663,38.62571,3
"297",-6.34589,38.6241,3
"298",-6.34578,38.61676,3
"299",-6.34559,38.61645,3
"300",-6.34543,38.61683,3
"301",-6.34539,38.61649,3
"302",-6.34523,38.61536,3
"303",-6.34521,38.60646,3
"304",-6.34516,38.61686,3
"305",-6.34513,38.61873,3
"306",-6.34492,38.61693,3
"307",-6.34492,38.61915,3
"308",-6.34488,38.61654,3
"309",-6.34487,38.62451,3
"310",-6.34477,38.61695,3
"311",-6.34477,38.61617,3
"312",-6.34463,38.61703,3
"313",-6.34456,38.61785,3
"314",-6.34445,38.60022,3
"315",-6.3444,38.61782,3
"316",-6.3443,38.61782,3
"317",-6.34427,38.61781,3
"318",-6.34425,38.6179,3
"319",-6.34425,38.6179,3
"320",-6.34424,38.61745,3
"321",-6.34419,38.61731,3
"322",-6.34401,38.61755,3
"323",-6.34321,38.60853,3
"324",-6.34291,38.6087,3
"325",-6.34288,38.6193,3
"326",-6.34249,38.62019,3
"327",-6.34173,38.62081,3
"328",-6.34079,38.61958,3
"329",-6.33926,38.63588,3
"330",-6.33829,38.64338,3
"331",-6.33812,38.64391,3
"332",-6.33741,38.64603,3
"333",-6.33726,38.64595,3
"334",-6.33668,38.64629,3
"335",-6.33622,38.61856,3
"336",-6.33613,38.65041,3
"337",-6.33611,38.65055,3
"338",-6.33575,38.64552,3
"339",-6.33569,38.65003,3
"340",-6.33533,38.65003,3
"341",-6.33464,38.65053,3
"342",-6.33434,38.64569,3
"343",-6.33434,38.64569,3
"344",-6.334,38.64561,3
"345",-6.33388,38.63746,3
"346",-6.33335,38.651,3
"347",-6.3331,38.65071,3
"348",-6.33308,38.63765,3
"349",-6.33257,38.65069,3
"350",-6.33222,38.63174,3
"351",-6.33212,38.63594,3
"352",-6.33062,38.63689,3
"353",-6.33044,38.6249,3
"354",-6.33028,38.6251,3
"355",-6.33,38.62497,3
"356",-6.32993,38.63854,3
"357",-6.32608,38.64767,3
"358",-6.31991,38.61652,3
"359",-6.31711,38.64535,3
"360",-6.31634,38.64593,3
"361",-6.316,38.64608,3
"362",-6.31491,38.62841,3
"363",-6.31283,38.64288,3
"364",-6.31165,38.64523,3
"365",-6.30493,38.65302,3
"366",-6.30457,38.64497,3
"367",-6.30198,38.64009,3
"368",-6.30084,38.65371,3
"369",-6.30055,38.65779,3
"370",-6.29892,38.65776,3
"371",-6.29701,38.65474,3
"372",-6.29576,38.61928,3
"373",-6.29569,38.65633,3
"374",-6.29386,38.61906,3
"375",-6.2938,38.61908,3
"376",-6.29216,38.64528,3
"377",-6.29048,38.64888,3
"378",-6.28845,38.65003,3
"379",-6.28773,38.65215,3
"380",-6.28716,38.63672,3
"381",-6.2859,38.63519,3
"382",-6.28578,38.65046,3
"383",-6.285,38.63643,3
"384",-6.28344,38.65154,3
"385",-6.28262,38.64419,3
"386",-6.28179,38.64286,3
"387",-6.37156,38.58269,4
"388",-6.37139,38.58286,4
"389",-6.37138,38.58234,4
"390",-6.37137,38.58205,4
"391",-6.37135,38.58292,4
"392",-6.37135,38.58292,4
"393",-6.37118,38.58201,4
"394",-6.37114,38.58231,4
"395",-6.37114,38.58294,4
"396",-6.37102,38.5801,4
"397",-6.37101,38.58225,4
"398",-6.371,38.58307,4
"399",-6.37075,38.58304,4
"400",-6.37068,38.58244,4
"401",-6.37049,38.58262,4
"402",-6.37049,38.58262,4
"403",-6.37048,38.57911,4
"404",-6.37002,38.5817,4
"405",-6.37001,38.58234,4
"406",-6.36981,38.57882,4
"407",-6.36968,38.5821,4
"408",-6.36965,38.58316,4
"409",-6.3696,38.58099,4
"410",-6.36959,38.58321,4
"411",-6.36959,38.58321,4
"412",-6.36952,38.58362,4
"413",-6.36943,38.5831,4
"414",-6.36924,38.57817,4
"415",-6.36807,38.57759,4
"416",-6.36806,38.5775,4
"417",-6.36802,38.57747,4
"418",-6.36763,38.58226,4
"419",-6.36727,38.5789,4
"420",-6.36721,38.57887,4
"421",-6.36706,38.58124,4
"422",-6.36693,38.57857,4
"423",-6.36688,38.58342,4
"424",-6.36681,38.58076,4
"425",-6.36668,38.58179,4
"426",-6.36657,38.58172,4
"427",-6.36641,38.58199,4
"428",-6.36639,38.5794,4
"429",-6.36623,38.57925,4
"430",-6.36619,38.58044,4
"431",-6.36616,38.58125,4
"432",-6.36615,38.58604,4
"433",-6.36614,38.57864,4
"434",-6.36614,38.58142,4
"435",-6.36607,38.58076,4
"436",-6.36603,38.58569,4
"437",-6.36594,38.58083,4
"438",-6.36593,38.58077,4
"439",-6.36592,38.58524,4
"440",-6.3659,38.58537,4
"441",-6.36589,38.58492,4
"442",-6.3656,38.58194,4
"443",-6.36555,38.58105,4
"444",-6.3655,38.58104,4
"445",-6.36535,38.57947,4
"446",-6.36528,38.58057,4
"447",-6.36499,38.58145,4
"448",-6.36496,38.58571,4
"449",-6.36495,38.58122,4
"450",-6.3649,38.5815,4
"451",-6.36479,38.58442,4
"452",-6.3646,38.5811,4
"453",-6.36444,38.58712,4
"454",-6.3644,38.58098,4
"455",-6.36435,38.58505,4
"456",-6.36416,38.5871,4
"457",-6.36406,38.57957,4
"458",-6.36401,38.58701,4
"459",-6.3637,38.58121,4
"460",-6.36314,38.57972,4
"461",-6.36186,38.58039,4
"462",-6.36178,38.5797,4
"463",-6.36163,38.57984,4
"464",-6.36161,38.57944,4
"465",-6.36153,38.57991,4
"466",-6.3615,38.58334,4
"467",-6.36139,38.57931,4
"468",-6.36112,38.57943,4
"469",-6.36108,38.57923,4
"470",-6.36082,38.57788,4
"471",-6.3606,38.57733,4
"472",-6.36059,38.57761,4
"473",-6.36054,38.57757,4
"474",-6.36047,38.57767,4
"475",-6.36045,38.57739,4
"476",-6.36031,38.57915,4
"477",-6.3603,38.58089,4
"478",-6.36028,38.57859,4
"479",-6.36009,38.58005,4
"480",-6.36007,38.58051,4
"481",-6.35983,38.58125,4
"482",-6.35974,38.58127,4
"483",-6.35968,38.58091,4
"484",-6.35964,38.58093,4
"485",-6.35962,38.58146,4
"486",-6.35926,38.57912,4
"487",-6.35921,38.58311,4
"488",-6.35918,38.57877,4
"489",-6.35915,38.57924,4
"490",-6.35913,38.57925,4
"491",-6.35909,38.58213,4
"492",-6.35906,38.57886,4
"493",-6.35906,38.57886,4
"494",-6.35862,38.58187,4
"495",-6.35847,38.58111,4
"496",-6.35828,38.57905,4
"497",-6.35819,38.57853,4
"498",-6.35816,38.57826,4
"499",-6.35813,38.57833,4
"500",-6.35789,38.58187,4
"501",-6.35787,38.58062,4
"502",-6.35751,38.58001,4
"503",-6.35746,38.58259,4
"504",-6.35744,38.57952,4
"505",-6.35743,38.58196,4
"506",-6.35739,38.57956,4
"507",-6.35732,38.58232,4
"508",-6.35731,38.5796,4
"509",-6.3573,38.58007,4
"510",-6.35726,38.58133,4
"511",-6.35723,38.58291,4
"512",-6.35712,38.58097,4
"513",-6.35708,38.583,4
"514",-6.35663,38.57983,4
"515",-6.35596,38.58146,4
"516",-6.37642,38.5824,5
"517",-6.37635,38.58215,5
"518",-6.37624,38.58123,5
"519",-6.37624,38.58444,5
"520",-6.37623,38.58451,5
"521",-6.37618,38.58421,5
"522",-6.37615,38.5844,5
"523",-6.37614,38.58438,5
"524",-6.37612,38.58449,5
"525",-6.37611,38.58242,5
"526",-6.3761,38.58342,5
"527",-6.3761,38.58208,5
"528",-6.37608,38.58408,5
"529",-6.37605,38.58432,5
"530",-6.37604,38.58249,5
"531",-6.37604,38.58188,5
"532",-6.37597,38.58477,5
"533",-6.37596,38.58147,5
"534",-6.37594,38.58183,5
"535",-6.37588,38.58471,5
"536",-6.37587,38.58135,5
"537",-6.37584,38.58422,5
"538",-6.37582,38.58442,5
"539",-6.3758,38.58213,5
"540",-6.3758,38.58213,5
"541",-6.37578,38.58164,5
"542",-6.37574,38.58098,5
"543",-6.37569,38.58082,5
"544",-6.37565,38.58456,5
"545",-6.37564,38.58157,5
"546",-6.37562,38.58368,5
"547",-6.37562,38.5813,5
"548",-6.37561,38.58285,5
"549",-6.37561,38.58064,5
"550",-6.37558,38.58212,5
"551",-6.37557,38.58412,5
"552",-6.37557,38.58412,5
"553",-6.37551,38.58429,5
"554",-6.3755,38.58253,5
"555",-6.3755,38.58387,5
"556",-6.37548,38.58291,5
"557",-6.37548,38.58547,5
"558",-6.37545,38.58353,5
"559",-6.37542,38.58436,5
"560",-6.37538,38.58527,5
"561",-6.37537,38.58269,5
"562",-6.37534,38.5831,5
"563",-6.37532,38.58197,5
"564",-6.37531,38.58419,5
"565",-6.3753,38.58522,5
"566",-6.3753,38.58527,5
"567",-6.37526,38.58221,5
"568",-6.37525,38.58392,5
"569",-6.37525,38.58392,5
"570",-6.37523,38.58532,5
"571",-6.3752,38.58549,5
"572",-6.37519,38.58281,5
"573",-6.37519,38.58281,5
"574",-6.37517,38.58429,5
"575",-6.37516,38.58524,5
"576",-6.37512,38.58197,5
"577",-6.37511,38.58215,5
"578",-6.3751,38.58479,5
"579",-6.37509,38.58549,5
"580",-6.37508,38.58548,5
"581",-6.37508,38.58548,5
"582",-6.37506,38.58353,5
"583",-6.37506,38.58464,5
"584",-6.37506,38.58458,5
"585",-6.37505,38.58287,5
"586",-6.37505,38.58287,5
"587",-6.37505,38.58287,5
"588",-6.37505,38.58295,5
"589",-6.37505,38.58591,5
"590",-6.37505,38.58082,5
"591",-6.37505,38.58082,5
"592",-6.37505,38.58082,5
"593",-6.375,38.58551,5
"594",-6.37497,38.58274,5
"595",-6.37497,38.58569,5
"596",-6.3749,38.58328,5
"597",-6.3749,38.58328,5
"598",-6.3749,38.58585,5
"599",-6.37489,38.58524,5
"600",-6.37486,38.58441,5
"601",-6.37485,38.58381,5
"602",-6.37477,38.5858,5
"603",-6.37475,38.5826,5
"604",-6.37471,38.58533,5
"605",-6.3747,38.58547,5
"606",-6.3747,38.58608,5
"607",-6.37468,38.58445,5
"608",-6.37468,38.58445,5
"609",-6.37468,38.58445,5
"610",-6.37467,38.58355,5
"611",-6.37467,38.58553,5
"612",-6.37466,38.58609,5
"613",-6.37463,38.58427,5
"614",-6.37462,38.58587,5
"615",-6.37462,38.5859,5
"616",-6.37459,38.58286,5
"617",-6.37454,38.58472,5
"618",-6.37452,38.58514,5
"619",-6.37452,38.58551,5
"620",-6.37448,38.58369,5
"621",-6.37448,38.58369,5
"622",-6.37444,38.58411,5
"623",-6.37442,38.58586,5
"624",-6.37439,38.58535,5
"625",-6.37438,38.58616,5
"626",-6.37435,38.58623,5
"627",-6.37431,38.58325,5
"628",-6.37431,38.58352,5
"629",-6.37429,38.58609,5
"630",-6.37429,38.58386,5
"631",-6.37421,38.58485,5
"632",-6.3742,38.5843,5
"633",-6.3742,38.58393,5
"634",-6.37405,38.58557,5
"635",-6.37404,38.58601,5
"636",-6.37404,38.58559,5
"637",-6.37403,38.58583,5
"638",-6.37397,38.58569,5
"639",-6.37394,38.58464,5
"640",-6.37393,38.58422,5
"641",-6.37227,38.5887,6
"642",-6.37211,38.58989,6
"643",-6.37208,38.58851,6
"644",-6.37206,38.58848,6
"645",-6.37192,38.58863,6
"646",-6.3719,38.58841,6
"647",-6.37189,38.58841,6
"648",-6.37189,38.58842,6
"649",-6.37189,38.58865,6
"650",-6.37186,38.58844,6
"651",-6.37186,38.58851,6
"652",-6.37184,38.58843,6
"653",-6.37183,38.58839,6
"654",-6.37175,38.58885,6
"655",-6.37166,38.59014,6
"656",-6.37162,38.58962,6
"657",-6.37158,38.58736,6
"658",-6.37153,38.58765,6
"659",-6.37151,38.59003,6
"660",-6.37149,38.58992,6
"661",-6.37147,38.59033,6
"662",-6.37145,38.58817,6
"663",-6.37145,38.58818,6
"664",-6.3714,38.58988,6
"665",-6.3714,38.58778,6
"666",-6.37128,38.58986,6
"667",-6.37125,38.58984,6
"668",-6.37122,38.59005,6
"669",-6.3712,38.59005,6
"670",-6.37119,38.58817,6
"671",-6.37112,38.58876,6
"672",-6.37103,38.5899,6
"673",-6.37102,38.59063,6
"674",-6.371,38.58885,6
"675",-6.371,38.59066,6
"676",-6.37099,38.58887,6
"677",-6.37098,38.5906,6
"678",-6.37097,38.59094,6
"679",-6.37096,38.59062,6
"680",-6.37096,38.59053,6
"681",-6.37083,38.58907,6
"682",-6.37078,38.58969,6
"683",-6.37075,38.58908,6
"684",-6.37072,38.58844,6
"685",-6.3707,38.58887,6
"686",-6.37067,38.58978,6
"687",-6.37066,38.59183,6
"688",-6.37066,38.59032,6
"689",-6.37065,38.58966,6
"690",-6.37052,38.58775,6
"691",-6.37051,38.58845,6
"692",-6.3705,38.58977,6
"693",-6.3705,38.58975,6
"694",-6.37047,38.58773,6
"695",-6.37045,38.58997,6
"696",-6.37045,38.58797,6
"697",-6.37045,38.59095,6
"698",-6.3704,38.58826,6
"699",-6.37039,38.5887,6
"700",-6.37038,38.59115,6
"701",-6.37037,38.59082,6
"702",-6.37031,38.58817,6
"703",-6.37027,38.5895,6
"704",-6.37026,38.59045,6
"705",-6.37024,38.58659,6
"706",-6.37023,38.59016,6
"707",-6.37023,38.59016,6
"708",-6.3702,38.58753,6
"709",-6.37019,38.59043,6
"710",-6.37019,38.58768,6
"711",-6.37013,38.58995,6
"712",-6.37009,38.58763,6
"713",-6.37008,38.5867,6
"714",-6.37004,38.58967,6
"715",-6.37001,38.58664,6
"716",-6.36997,38.58981,6
"717",-6.36995,38.58723,6
"718",-6.36994,38.59068,6
"719",-6.36993,38.58886,6
"720",-6.36993,38.58886,6
"721",-6.36986,38.58922,6
"722",-6.36983,38.58743,6
"723",-6.36982,38.59076,6
"724",-6.36982,38.5889,6
"725",-6.3698,38.58705,6
"726",-6.36979,38.58976,6
"727",-6.36972,38.58773,6
"728",-6.36968,38.5888,6
"729",-6.36967,38.58877,6
"730",-6.36966,38.58884,6
"731",-6.36964,38.5876,6
"732",-6.36961,38.5891,6
"733",-6.36961,38.58758,6
"734",-6.36959,38.58959,6
"735",-6.36958,38.5883,6
"736",-6.36957,38.5896,6
"737",-6.36953,38.59102,6
"738",-6.36951,38.58936,6
"739",-6.36951,38.58871,6
"740",-6.3694,38.58746,6
"741",-6.36939,38.58735,6
"742",-6.36938,38.5891,6
"743",-6.36936,38.58826,6
"744",-6.36933,38.58906,6
"745",-6.36932,38.58842,6
"746",-6.36931,38.58712,6
"747",-6.3693,38.58938,6
"748",-6.3692,38.58892,6
"749",-6.36914,38.58841,6
"750",-6.36912,38.58905,6
"751",-6.36912,38.58831,6
"752",-6.36908,38.59094,6
"753",-6.36905,38.58727,6
"754",-6.369,38.58904,6
"755",-6.369,38.58904,6
"756",-6.36893,38.58791,6
"757",-6.36889,38.58804,6
"758",-6.36887,38.58767,6
"759",-6.36887,38.58767,6
"760",-6.36885,38.58784,6
"761",-6.36859,38.58968,6
"762",-6.36848,38.58807,6
"763",-6.36841,38.58964,6
"764",-6.36829,38.58958,6
"765",-6.36823,38.58825,6
"766",-6.36813,38.59016,6
"767",-6.36795,38.58879,6
"768",-6.36764,38.58952,6
"769",-6.36758,38.5892,6
"770",-6.37979,38.59336,7
"771",-6.37943,38.59367,7
"772",-6.3794,38.59277,7
"773",-6.3794,38.59277,7
"774",-6.37888,38.59194,7
"775",-6.37881,38.59209,7
"776",-6.3788,38.59269,7
"777",-6.37874,38.59178,7
"778",-6.37855,38.59254,7
"779",-6.37855,38.59254,7
"780",-6.37855,38.59156,7
"781",-6.37829,38.59187,7
"782",-6.37822,38.59285,7
"783",-6.37818,38.59137,7
"784",-6.37816,38.59175,7
"785",-6.37816,38.59175,7
"786",-6.37812,38.59281,7
"787",-6.3781,38.59214,7
"788",-6.37805,38.59201,7
"789",-6.37805,38.59138,7
"790",-6.37804,38.59185,7
"791",-6.37799,38.59232,7
"792",-6.37796,38.5917,7
"793",-6.37785,38.59345,7
"794",-6.37783,38.5934,7
"795",-6.3778,38.59156,7
"796",-6.37777,38.59134,7
"797",-6.37754,38.59182,7
"798",-6.37715,38.59172,7
"799",-6.37713,38.59196,7
"800",-6.3771,38.591,7
"801",-6.37707,38.59146,7
"802",-6.37699,38.59158,7
"803",-6.37685,38.59308,7
"804",-6.37655,38.59103,7
"805",-6.37622,38.59177,7
"806",-6.3762,38.59361,7
"807",-6.37582,38.59092,7
"808",-6.37551,38.59116,7
"809",-6.37543,38.59256,7
"810",-6.37527,38.59252,7
"811",-6.37519,38.59095,7
"812",-6.37517,38.59045,7
"813",-6.37514,38.59123,7
"814",-6.37512,38.59098,7
"815",-6.37509,38.59039,7
"816",-6.37506,38.59046,7
"817",-6.37494,38.59278,7
"818",-6.37492,38.59646,7
"819",-6.37489,38.5906,7
"820",-6.37487,38.59068,7
"821",-6.37484,38.5934,7
"822",-6.37483,38.5904,7
"823",-6.37483,38.59278,7
"824",-6.3748,38.59053,7
"825",-6.37478,38.5937,7
"826",-6.37478,38.5937,7
"827",-6.37478,38.5937,7
"828",-6.37478,38.59379,7
"829",-6.37475,38.59034,7
"830",-6.37468,38.59308,7
"831",-6.37463,38.59625,7
"832",-6.37458,38.59095,7
"833",-6.37448,38.59115,7
"834",-6.37438,38.5921,7
"835",-6.37438,38.59112,7
"836",-6.37436,38.59205,7
"837",-6.37434,38.59225,7
"838",-6.37429,38.59199,7
"839",-6.37429,38.59308,7
"840",-6.37428,38.59159,7
"841",-6.37426,38.59116,7
"842",-6.37425,38.5929,7
"843",-6.37425,38.5929,7
"844",-6.37421,38.59172,7
"845",-6.3741,38.59208,7
"846",-6.37409,38.59177,7
"847",-6.37408,38.59214,7
"848",-6.37403,38.59175,7
"849",-6.37389,38.59238,7
"850",-6.3738,38.59207,7
"851",-6.3738,38.59207,7
"852",-6.37379,38.59192,7
"853",-6.37378,38.59477,7
"854",-6.37378,38.59477,7
"855",-6.37376,38.59386,7
"856",-6.37372,38.59351,7
"857",-6.37352,38.59187,7
"858",-6.3735,38.59521,7
"859",-6.37348,38.59551,7
"860",-6.3734,38.5921,7
"861",-6.37322,38.59278,7
"862",-6.37321,38.59546,7
"863",-6.3732,38.59239,7
"864",-6.37317,38.59494,7
"865",-6.37317,38.59243,7
"866",-6.37314,38.59351,7
"867",-6.37313,38.59489,7
"868",-6.37307,38.59329,7
"869",-6.37297,38.59322,7
"870",-6.37296,38.59214,7
"871",-6.37295,38.59311,7
"872",-6.37295,38.59223,7
"873",-6.37295,38.59311,7
"874",-6.37292,38.59327,7
"875",-6.37289,38.59291,7
"876",-6.37277,38.59465,7
"877",-6.37268,38.59215,7
"878",-6.37265,38.59305,7
"879",-6.37261,38.59231,7
"880",-6.37261,38.59293,7
"881",-6.3726,38.59268,7
"882",-6.37252,38.59238,7
"883",-6.37251,38.59244,7
"884",-6.3725,38.59441,7
"885",-6.37235,38.59249,7
"886",-6.38828,38.58641,8
"887",-6.38727,38.59422,8
"888",-6.38725,38.59438,8
"889",-6.38632,38.58845,8
"890",-6.3863,38.59349,8
"891",-6.38628,38.59347,8
"892",-6.38605,38.58824,8
"893",-6.38542,38.59426,8
"894",-6.38515,38.58615,8
"895",-6.3851,38.58646,8
"896",-6.3851,38.58868,8
"897",-6.38408,38.58513,8
"898",-6.38401,38.58598,8
"899",-6.38379,38.58662,8
"900",-6.3836,38.58995,8
"901",-6.38329,38.58718,8
"902",-6.38326,38.5891,8
"903",-6.38325,38.58931,8
"904",-6.38316,38.58916,8
"905",-6.38316,38.58916,8
"906",-6.38315,38.58917,8
"907",-6.383,38.58642,8
"908",-6.38297,38.58674,8
"909",-6.38289,38.59124,8
"910",-6.38277,38.58927,8
"911",-6.38274,38.58688,8
"912",-6.3827,38.58779,8
"913",-6.38267,38.58746,8
"914",-6.38264,38.5889,8
"915",-6.38255,38.5882,8
"916",-6.38247,38.58907,8
"917",-6.38219,38.58757,8
"918",-6.38218,38.58895,8
"919",-6.38216,38.58682,8
"920",-6.38205,38.58913,8
"921",-6.38202,38.58822,8
"922",-6.382,38.59147,8
"923",-6.38197,38.58675,8
"924",-6.38194,38.5915,8
"925",-6.38194,38.58154,8
"926",-6.38183,38.58469,8
"927",-6.38172,38.58607,8
"928",-6.3817,38.58907,8
"929",-6.38167,38.5894,8
"930",-6.38165,38.5891,8
"931",-6.38161,38.589,8
"932",-6.3816,38.58883,8
"933",-6.38158,38.58905,8
"934",-6.38152,38.58906,8
"935",-6.38152,38.58691,8
"936",-6.38146,38.58781,8
"937",-6.38144,38.58672,8
"938",-6.38137,38.58445,8
"939",-6.38136,38.589,8
"940",-6.3813,38.58609,8
"941",-6.3813,38.58609,8
"942",-6.38129,38.58903,8
"943",-6.38129,38.58903,8
"944",-6.38127,38.58961,8
"945",-6.38119,38.58637,8
"946",-6.38113,38.58662,8
"947",-6.38093,38.58238,8
"948",-6.38092,38.58156,8
"949",-6.38089,38.5815,8
"950",-6.38083,38.5868,8
"951",-6.38082,38.58766,8
"952",-6.38078,38.58667,8
"953",-6.38077,38.58144,8
"954",-6.38077,38.58144,8
"955",-6.38075,38.58397,8
"956",-6.38067,38.58668,8
"957",-6.38061,38.58243,8
"958",-6.38061,38.58243,8
"959",-6.38049,38.58094,8
"960",-6.38037,38.58514,8
"961",-6.3803,38.58947,8
"962",-6.38028,38.58495,8
"963",-6.38025,38.58278,8
"964",-6.3802,38.5845,8
"965",-6.38006,38.58262,8
"966",-6.37993,38.58471,8
"967",-6.37992,38.58419,8
"968",-6.37984,38.5846,8
"969",-6.37983,38.5885,8
"970",-6.37982,38.58842,8
"971",-6.37982,38.58842,8
"972",-6.37982,38.58363,8
"973",-6.37977,38.58771,8
"974",-6.37974,38.58789,8
"975",-6.37958,38.5846,8
"976",-6.37933,38.58829,8
"977",-6.37918,38.58569,8
"978",-6.37901,38.58187,8
"979",-6.37898,38.58243,8
"980",-6.37898,38.58152,8
"981",-6.37894,38.58177,8
"982",-6.37892,38.58132,8
"983",-6.37878,38.5824,8
"984",-6.37875,38.58773,8
"985",-6.37873,38.58735,8
"986",-6.37856,38.58511,8
"987",-6.37853,38.58888,8
"988",-6.37836,38.58854,8
"989",-6.37829,38.58879,8
"990",-6.37828,38.58868,8
"991",-6.37828,38.58737,8
"992",-6.37828,38.58725,8
"993",-6.37788,38.58705,8
"994",-6.37785,38.58762,8
"995",-6.37774,38.58637,8
"996",-6.37757,38.58712,8
"997",-6.37742,38.58717,8
"998",-6.37733,38.58825,8
"999",-6.37732,38.58812,8
"1000",-6.37731,38.58811,8
"1001",-6.37728,38.58809,8
"1002",-6.37723,38.58733,8
"1003",-6.3772,38.58773,8
"1004",-6.37686,38.58749,8
"1005",-6.37637,38.58797,8
"1006",-6.23244,38.3567,8
"1007",-6.23237,38.35684,8
"1008",-6.22857,38.34852,8
"1009",-6.22788,38.35038,8
"1010",-6.22589,38.35044,8
"1011",-6.22589,38.35044,8
"1012",-6.22585,38.35049,8
"1013",-6.22581,38.35037,8
"1014",-6.22581,38.35014,8
"1015",-6.53692,38.83428,9
"1016",-6.53815,38.8347,9
"1017",-6.53987,38.8375,9
"1018",-6.53994,38.83513,9
"1019",-6.54011,38.8355,9
"1020",-6.54017,38.83568,9
"1021",-6.54023,38.83492,9
"1022",-6.54084,38.83567,9
"1023",-6.54085,38.83475,9
"1024",-6.54086,38.8348,9
"1025",-6.54118,38.83527,9
"1026",-6.5412,38.83487,9
"1027",-6.54159,38.83543,9
"1028",-6.54167,38.83501,9
"1029",-6.54204,38.83772,9
"1030",-6.54209,38.83628,9
"1031",-6.54248,38.83832,9
"1032",-6.54253,38.8362,9
"1033",-6.54254,38.83619,9
"1034",-6.54257,38.83769,9
"1035",-6.54258,38.83661,9
"1036",-6.54263,38.83657,9
"1037",-6.54264,38.83685,9
"1038",-6.5428,38.83519,9
"1039",-6.54298,38.8385,9
"1040",-6.54301,38.8402,9
"1041",-6.54302,38.83109,9
"1042",-6.54309,38.8317,9
"1043",-6.54322,38.83535,9
"1044",-6.54323,38.83152,9
"1045",-6.54325,38.83607,9
"1046",-6.5433,38.83789,9
"1047",-6.54332,38.83194,9
"1048",-6.54336,38.83777,9
"1049",-6.54343,38.83207,9
"1050",-6.54347,38.83532,9
"1051",-6.54356,38.83817,9
"1052",-6.54364,38.83758,9
"1053",-6.54365,38.83813,9
"1054",-6.54373,38.83458,9
"1055",-6.54377,38.83815,9
"1056",-6.54378,38.83748,9
"1057",-6.5438,38.83295,9
"1058",-6.5438,38.83749,9
"1059",-6.54386,38.83286,9
"1060",-6.54391,38.83285,9
"1061",-6.54394,38.83074,9
"1062",-6.54394,38.83692,9
"1063",-6.54396,38.83506,9
"1064",-6.54397,38.8375,9
"1065",-6.54397,38.83609,9
"1066",-6.54398,38.83302,9
"1067",-6.54423,38.836,9
"1068",-6.5443,38.83701,9
"1069",-6.54433,38.83667,9
"1070",-6.54451,38.83659,9
"1071",-6.54451,38.83696,9
"1072",-6.54458,38.83688,9
"1073",-6.54473,38.83694,9
"1074",-6.54476,38.83321,9
"1075",-6.5448,38.83326,9
"1076",-6.54488,38.83706,9
"1077",-6.54517,38.83499,9
"1078",-6.54527,38.83513,9
"1079",-6.54531,38.83386,9
"1080",-6.54532,38.83405,9
"1081",-6.54536,38.83531,9
"1082",-6.54546,38.83452,9
"1083",-6.54551,38.83689,9
"1084",-6.54559,38.83755,9
"1085",-6.5456,38.83755,9
"1086",-6.54568,38.83803,9
"1087",-6.54568,38.83803,9
"1088",-6.54578,38.83565,9
"1089",-6.5461,38.83179,9
"1090",-6.54616,38.83475,9
"1091",-6.54617,38.8347,9
"1092",-6.54652,38.83944,9
"1093",-6.54652,38.83856,9
"1094",-6.54658,38.83945,9
"1095",-6.54659,38.83879,9
"1096",-6.5467,38.83902,9
"1097",-6.54676,38.83215,9
"1098",-6.54677,38.83208,9
"1099",-6.54688,38.8393,9
"1100",-6.54695,38.83817,9
"1101",-6.54714,38.83672,9
"1102",-6.54721,38.83781,9
"1103",-6.54725,38.8383,9
"1104",-6.54726,38.83804,9
"1105",-6.54753,38.83825,9
"1106",-6.54757,38.8379,9
"1107",-6.54758,38.83772,9
"1108",-6.54778,38.83783,9
"1109",-6.54867,38.83755,9
"1110",-6.5488,38.83691,9
"1111",-6.53901,38.8499,10
"1112",-6.53964,38.85084,10
"1113",-6.53973,38.84969,10
"1114",-6.53988,38.85032,10
"1115",-6.53993,38.85124,10
"1116",-6.54032,38.84969,10
"1117",-6.54032,38.85139,10
"1118",-6.54032,38.84969,10
"1119",-6.54041,38.84914,10
"1120",-6.54046,38.85146,10
"1121",-6.54052,38.84527,10
"1122",-6.54054,38.84809,10
"1123",-6.54055,38.84943,10
"1124",-6.54056,38.84981,10
"1125",-6.54082,38.84317,10
"1126",-6.54087,38.85106,10
"1127",-6.54095,38.84707,10
"1128",-6.54097,38.84343,10
"1129",-6.54099,38.84909,10
"1130",-6.5411,38.84733,10
"1131",-6.5411,38.84733,10
"1132",-6.54111,38.84733,10
"1133",-6.54134,38.8472,10
"1134",-6.54135,38.84637,10
"1135",-6.54153,38.84639,10
"1136",-6.54168,38.8465,10
"1137",-6.54181,38.8464,10
"1138",-6.54185,38.84648,10
"1139",-6.54186,38.84998,10
"1140",-6.54187,38.84945,10
"1141",-6.54193,38.85006,10
"1142",-6.54209,38.84886,10
"1143",-6.54209,38.84933,10
"1144",-6.5421,38.85197,10
"1145",-6.54212,38.84874,10
"1146",-6.54235,38.84712,10
"1147",-6.54275,38.8479,10
"1148",-6.54289,38.84284,10
"1149",-6.54327,38.85022,10
"1150",-6.54338,38.84694,10
"1151",-6.54344,38.84849,10
"1152",-6.54344,38.84849,10
"1153",-6.5435,38.84761,10
"1154",-6.54386,38.84676,10
"1155",-6.54393,38.84935,10
"1156",-6.54393,38.85001,10
"1157",-6.54393,38.85001,10
"1158",-6.54427,38.84795,10
"1159",-6.54451,38.85016,10
"1160",-6.5446,38.84618,10
"1161",-6.54461,38.84941,10
"1162",-6.54461,38.84941,10
"1163",-6.54468,38.85147,10
"1164",-6.5447,38.84629,10
"1165",-6.54477,38.85179,10
"1166",-6.54482,38.84584,10
"1167",-6.54492,38.84614,10
"1168",-6.54536,38.85064,10
"1169",-6.54537,38.85112,10
"1170",-6.54543,38.84981,10
"1171",-6.54604,38.85138,10
"1172",-6.54604,38.85138,10
"1173",-6.54605,38.84705,10
"1174",-6.54625,38.8488,10
"1175",-6.54625,38.8488,10
"1176",-6.54634,38.84755,10
"1177",-6.5464,38.84513,10
"1178",-6.54648,38.84691,10
"1179",-6.54662,38.85242,10
"1180",-6.54663,38.8523,10
"1181",-6.54667,38.84385,10
"1182",-6.54669,38.8428,10
"1183",-6.54686,38.84447,10
"1184",-6.54688,38.84508,10
"1185",-6.54693,38.84488,10
"1186",-6.54699,38.84597,10
"1187",-6.54705,38.84613,10
"1188",-6.54714,38.84788,10
"1189",-6.54737,38.84512,10
"1190",-6.54738,38.84655,10
"1191",-6.54739,38.84619,10
"1192",-6.54745,38.84579,10
"1193",-6.54769,38.84577,10
"1194",-6.54773,38.84668,10
"1195",-6.54777,38.84554,10
"1196",-6.54786,38.84709,10
"1197",-6.54794,38.85415,10
"1198",-6.54799,38.85464,10
"1199",-6.54813,38.84598,10
"1200",-6.54818,38.84625,10
"1201",-6.54823,38.85343,10
"1202",-6.54901,38.84687,10
"1203",-6.54967,38.84669,10
"1204",-6.54994,38.84045,10
"1205",-6.55024,38.82226,10
"1206",-6.55033,38.84283,10
"1207",-6.55042,38.85255,10
"1208",-6.55082,38.83783,10
"1209",-6.55086,38.82337,10
"1210",-6.55094,38.83292,10
"1211",-6.55097,38.84173,10
"1212",-6.55105,38.82233,10
"1213",-6.55124,38.8369,10
"1214",-6.55131,38.82254,10
"1215",-6.55139,38.83626,10
"1216",-6.55146,38.8428,10
"1217",-6.55153,38.83637,10
"1218",-6.55182,38.82163,10
"1219",-6.55188,38.83724,10
"1220",-6.55193,38.85145,10
"1221",-6.5521,38.83614,10
"1222",-6.55293,38.83646,10
"1223",-6.5532,38.83521,10
"1224",-6.55327,38.82474,10
"1225",-6.55339,38.82484,10
"1226",-6.55355,38.83688,10
"1227",-6.55356,38.83725,10
"1228",-6.5537,38.8384,10
"1229",-6.55414,38.85203,10
"1230",-6.55417,38.85192,10
"1231",-6.55472,38.8346,10
"1232",-6.55587,38.84499,10
"1233",-6.55597,38.82965,10
"1234",-6.3478,38.43658,11
"1235",-6.34794,38.43659,11
"1236",-6.34907,38.43849,11
"1237",-6.34909,38.43963,11
"1238",-6.34933,38.4404,11
"1239",-6.34952,38.47003,11
"1240",-6.35016,38.44037,11
"1241",-6.35017,38.44058,11
"1242",-6.35029,38.44129,11
"1243",-6.35036,38.44146,11
"1244",-6.3523,38.44028,11
"1245",-6.35404,38.48564,11
"1246",-6.35614,38.47219,11
"1247",-6.35708,38.47179,11
"1248",-6.35723,38.47107,11
"1249",-6.35725,38.47089,11
"1250",-6.35728,38.4714,11
"1251",-6.35735,38.47116,11
"1252",-6.35741,38.47119,11
"1253",-6.35747,38.46789,11
"1254",-6.35762,38.47146,11
"1255",-6.35767,38.46809,11
"1256",-6.35772,38.47163,11
"1257",-6.35775,38.46776,11
"1258",-6.35781,38.47055,11
"1259",-6.35823,38.47013,11
"1260",-6.35831,38.46747,11
"1261",-6.35838,38.47187,11
"1262",-6.35857,38.4729,11
"1263",-6.35861,38.47082,11
"1264",-6.35862,38.46833,11
"1265",-6.35865,38.47085,11
"1266",-6.35874,38.46986,11
"1267",-6.35877,38.47152,11
"1268",-6.35883,38.46685,11
"1269",-6.35884,38.47099,11
"1270",-6.35884,38.47109,11
"1271",-6.35884,38.47181,11
"1272",-6.35892,38.47071,11
"1273",-6.35898,38.46805,11
"1274",-6.35899,38.46806,11
"1275",-6.35899,38.47023,11
"1276",-6.35916,38.46918,11
"1277",-6.35918,38.4711,11
"1278",-6.35922,38.46975,11
"1279",-6.35932,38.4698,11
"1280",-6.35937,38.46989,11
"1281",-6.3594,38.47124,11
"1282",-6.35948,38.47053,11
"1283",-6.35949,38.47164,11
"1284",-6.3595,38.47078,11
"1285",-6.35968,38.47118,11
"1286",-6.35975,38.46998,11
"1287",-6.35977,38.47111,11
"1288",-6.35979,38.47027,11
"1289",-6.35995,38.47114,11
"1290",-6.35997,38.4703,11
"1291",-6.36011,38.4702,11
"1292",-6.36013,38.47065,11
"1293",-6.36018,38.47097,11
"1294",-6.36019,38.47115,11
"1295",-6.36028,38.47011,11
"1296",-6.36034,38.47108,11
"1297",-6.36035,38.4706,11
"1298",-6.36039,38.4701,11
"1299",-6.36048,38.47114,11
"1300",-6.3605,38.44122,11
"1301",-6.36077,38.46882,11
"1302",-6.36079,38.47064,11
"1303",-6.36082,38.4711,11
"1304",-6.36088,38.4699,11
"1305",-6.3611,38.46755,11
"1306",-6.36134,38.47031,11
"1307",-6.36137,38.47371,11
"1308",-6.36138,38.46924,11
"1309",-6.36138,38.47071,11
"1310",-6.3614,38.4698,11
"1311",-6.36142,38.46998,11
"1312",-6.3615,38.47189,11
"1313",-6.36158,38.44658,11
"1314",-6.36161,38.46967,11
"1315",-6.36164,38.46985,11
"1316",-6.36174,38.47215,11
"1317",-6.36176,38.47253,11
"1318",-6.36177,38.46873,11
"1319",-6.36181,38.46815,11
"1320",-6.36192,38.46893,11
"1321",-6.36195,38.46791,11
"1322",-6.36215,38.47039,11
"1323",-6.36215,38.47039,11
"1324",-6.36227,38.46788,11
"1325",-6.36233,38.46826,11
"1326",-6.3625,38.46923,11
"1327",-6.36271,38.46918,11
"1328",-6.36272,38.46822,11
"1329",-6.36289,38.46812,11
"1330",-6.36291,38.4698,11
"1331",-6.36311,38.47041,11
"1332",-6.36322,38.46894,11
"1333",-6.3634,38.4688,11
"1334",-6.36424,38.46975,11
"1335",-6.36451,38.47224,11
"1336",-6.3649,38.4705,11
"1337",-6.36594,38.43079,11
"1338",-6.36596,38.45354,11
"1339",-6.36596,38.45354,11
"1340",-6.3728,38.47731,11
"1341",-6.3741,38.47818,11
"1342",-6.3742,38.46645,11
"1343",-6.37433,38.46886,11
"1344",-6.37434,38.46873,11
"1345",-6.3744,38.46833,11
"1346",-6.37538,38.46817,11
"1347",-6.37724,38.46671,11
"1348",-6.37892,38.47334,11
"1349",-6.38007,38.43866,11
"1350",-6.38046,38.44384,11
"1351",-6.38277,38.43787,11
"1352",-6.41186,38.48556,11
"1353",-6.52399,38.86295,12
"1354",-6.52387,38.886263,12
"1355",-6.5248,38.86311,12
"1356",-6.52497,38.86229,12
"1357",-6.52614,38.86311,12
"1358",-6.52589,38.86197,12
"1359",-6.52676,38.86283,12
"1360",-6.52703,38.86263,12
"1361",-6.52741,38.86224,12
"1362",-6.5282,38.86258,12
"1363",-6.52408,38.8629,12
"1364",-6.521538,38.86454,12
"1365",-6.52538,38.86454,12
"1366",-6.52444,38.8737,12
"1367",-6.5233,38.86317,12
"1368",-6.52479,38.86292,12
"1369",-6.52495,38.86355,12
"1370",-6.52659,38.86157,12
"1371",-6.52629,38.8626,12
"1372",-6.52462,38.86771,12
"1373",-6.52523,38.86349,12
"1374",-6.52547,38.85767,12
"1375",-6.5258,38.86386,12
"1376",-6.52409,38.86596,12
"1377",-6.52465,38.86292,12
"1378",-6.52605,38.85917,12
"1379",-6.525113,38.8653,12
"1380",-6.52539,38.86585,12
"1381",-6.5235,38.86618,12
"1382",-6.52456,38.87249,12
"1383",-6.525335,38.86671,12
"1384",-6.52382,38.86607,12
"1385",-6.52568,38.8684,12
"1386",-6.52439,38.87301,12
"1387",-6.52419,38.87105,12
"1388",-6.5261,38.86244,12
"1389",-6.52518,38.86942,12
"1390",-6.52514,38.86992,12
"1391",-6.52595,38.86562,12
"1392",-6.52691,38.86422,12
"1393",-6.5269,38.86667,12
"1394",-6.5261,38.87189,12
"1395",-6.52666,38.86765,12
"1396",-6.52485,38.869,12
"1397",-6.52731,38.86477,12
"1398",-6.52587,38.86736,12
"1399",-6.5279,38.8717,12
"1400",-6.52665,38.86737,12
"1401",-6.52662,38.86655,12
"1402",-6.52494,38.87521,12
"1403",-6.52506,38.8762,12
"1404",-6.5232,38.86362,12
"1405",-6.52299,38.86391,12
"1406",-6.52248,38.86335,12
"1407",-6.50939,38.86518,12
"1408",-6.52413,38.86384,12
"1409",-6.52267,38.86351,12
"1410",-6.52276,38.86696,12
"1411",-6.51067,38.86508,12
"1412",-6.50875,38.86615,12
"1413",-6.52332,38.86531,12
"1414",-6.52261,38.86559,12
"1415",-6.52181,38.86409,12
"1416",-6.52292,38.86429,12
"1417",-6.52291,38.86565,12
"1418",-6.52349,38.86465,12
"1419",-6.5235,38.86407,12
"1420",-6.52318,38.86451,12
"1421",-6.52272,38.8658,12
"1422",-6.52287,38.86584,12
"1423",-6.50993,38.86589,12
"1424",-6.51012,38.86528,12
"1425",-6.50923,38.86502,12
"1426",-6.50967,38.86554,12
"1427",-6.51012,38.86606,12
"1428",-6.51012,38.86488,12
"1429",-6.50969,38.86449,12
"1430",-6.50718,38.86659,12
"1431",-6.51967,38.8691,12
"1432",-6.51964,38.86537,12
"1433",-6.51739,38.86677,12
"1434",-6.50918,38.86693,12
"1435",-6.50748,38.86782,12
"1436",-6.50703,38.86971,12
"1437",-6.50851,38.86634,12
"1438",-6.50718,38.86659,12
"1439",-6.51558,38.86452,12
"1440",-6.50676,38.86584,12
"1441",-6.51657,38.86242,12
"1442",-6.51457,38.86241,12
"1443",-6.51835,38.86608,12
"1444",-6.52238,38.86732,12
"1445",-6.52065,38.86621,12
"1446",-6.52062,38.86601,12
"1447",-6.52086,38.87531,12
"1448",-6.51804,38.87006,12
"1449",-6.51809,38.86243,12
"1450",-6.52261,38.87112,12
"1451",-6.51874,38.87547,12
"1452",-6.51815,38.87012,12
"1453",-6.52158,38.87439,12
"1454",-6.52842,38.86079,12
"1455",-6.52734,38.85963,12
"1456",-6.52871,38.85364,12
"1457",-6.52875,38.86239,12
"1458",-6.52877,38.86259,12
"1459",-6.53106,38.85776,12
"1460",-6.52839,38.86032,12
"1461",-6.52745,38.86371,12
"1462",-6.52773,38.8637,12
"1463",-6.52786,38.86397,12
"1464",-6.53069,38.8593,12
"1465",-6.52804,38.86363,12
"1466",-6.52808,38.86014,12
"1467",-6.52899,38.85936,12
"1468",-6.52995,38.85806,12
"1469",-6.52745,38.86371,12
"1470",-6.53036,38.86005,12
"1471",-6.52651,38.86073,12
"1472",-6.53128,38.85708,12
"1473",-6.52896,38.86334,12
"1474",-6.52323,38.86265,12
"1475",-6.5317,38.8737,13
"1476",-6.53261,38.87411,13
"1477",-6.54016,38.85599,13
"1478",-6.53993,38.85675,13
"1479",-6.53959,38.85657,13
"1480",-6.55645,38.86806,13
"1481",-6.55937,38.87124,13
"1482",-6.53742,38.86981,13
"1483",-6.53652,38.8687,13
"1484",-6.53867,38.86743,13
"1485",-6.53786,38.86762,13
"1486",-6.53755,38.86644,13
"1487",-6.53205,38.87038,13
"1488",-6.53622,38.86942,13
"1489",-6.53706,38.86764,13
"1490",-6.53205,38.87038,13
"1491",-6.53272,38.86879,13
"1492",-6.53204,38.87041,13
"1493",-6.53714,38.86734,13
"1494",-6.53181,38.87063,13
"1495",-6.55283,38.86987,13
"1496",-6.53477,38.86744,13
"1497",-6.55362,38.86911,13
"1498",-6.55372,38.86934,13
"1499",-6.55381,38.86998,13
"1500",-6.53274,38.86552,13
"1501",-6.53297,38.86802,13
"1502",-6.53556,38.86706,13
"1503",-6.53516,38.86777,13
"1504",-6.53736,38.86145,13
"1505",-6.53669,38.86546,13
"1506",-6.53623,38.86565,13
"1507",-6.53718,38.86061,13
"1508",-6.55501,38.86527,13
"1509",-6.53787,38.86963,13
"1510",-6.53899,38.87086,13
"1511",-6.53716,38.86914,13
"1512",-6.53747,38.86904,13
"1513",-6.53623,38.86745,13
"1514",-6.53631,38.86656,13
"1515",-6.53889,38.86264,13
"1516",-6.53858,38.86177,13
"1517",-6.5393,38.87261,13
"1518",-6.54133,38.87031,13
"1519",-6.5384,38.86248,13
"1520",-6.54014,38.86318,13
"1521",-6.53745,38.87306,13
"1522",-6.5371,38.81465,13
"1523",-6.54805,38.86732,13
"1524",-6.54466,38.87055,13
"1525",-6.53682,38.86078,13
"1526",-6.5373,38.86091,13
"1527",-6.53393,38.86772,13
"1528",-6.55192,38.87133,13
"1529",-6.54841,38.8703,13
"1530",-6.5907,38.86632,13
"1531",-6.54872,38.87182,13
"1532",-6.56205,38.85826,13
"1533",-6.55891,38.86097,13
"1534",-6.54884,38.87265,13
"1535",-6.55788,38.8591,13
"1536",-6.54056,38.86484,13
"1537",-6.5391,38.8644,13
"1538",-6.55977,38.85793,13
"1539",-6.56033,38.87169,13
"1540",-6.56212,38.86312,13
"1541",-6.55782,38.87158,13
"1542",-6.56007,38.86945,13
"1543",-6.56025,38.87295,13
"1544",-6.53666,38.86807,13
"1545",-6.53904,38.86726,13
"1546",-6.53904,38.86726,13
"1547",-6.54013,38.86713,13
"1548",-6.54013,38.86713,13
"1549",-6.54893,38.87383,13
"1550",-6.53777,38.86043,13
"1551",-6.53699,38.85894,13
"1552",-6.53784,38.85936,13
"1553",-6.55583,38.86843,13
"1554",-6.56056,38.87302,13
"1555",-6.55601,38.85909,13
"1556",-6.55818,38.85965,13
"1557",-6.56176,38.86282,13
"1558",-6.54451,38.86974,13
"1559",-6.54476,38.87018,13
"1560",-6.55196,38.87149,13
"1561",-6.55799,38.86964,13
"1562",-6.55531,38.86688,13
"1563",-6.5596,38.85976,13
"1564",-6.55952,38.86003,13
"1565",-6.55533,38.86655,13
"1566",-6.55305,38.886683,13
"1567",-6.5524,38.865,13
"1568",-6.53988,38.86753,13
"1569",-6.55081,38.87156,13
"1570",-6.54185,38.86049,13
"1571",-6.54431,38.86224,13
"1572",-6.54065,38.86877,13
"1573",-6.53953,38.86823,13
"1574",-6.55224,38.86443,13
"1575",-6.55082,38.86776,13
"1576",-6.53276,38.86598,13
"1577",-6.53706,38.86717,13
"1578",-6.55493,38.86791,13
"1579",-6.55433,38.87684,13
"1580",-6.53738,38.86669,13
"1581",-6.55419,38.87144,13
"1582",-6.55355,38.86978,13
"1583",-6.55351,38.87033,13
"1584",-6.32516,38.3892,14
"1585",-6.32526,38.38929,14
"1586",-6.32541,38.38922,14
"1587",-6.32562,38.39021,14
"1588",-6.32563,38.39025,14
"1589",-6.32581,38.39037,14
"1590",-6.32593,38.39132,14
"1591",-6.32612,38.39213,14
"1592",-6.32622,38.39019,14
"1593",-6.32638,38.39209,14
"1594",-6.32651,38.38948,14
"1595",-6.32659,38.39002,14
"1596",-6.32664,38.38956,14
"1597",-6.3269,38.38963,14
"1598",-6.32707,38.39034,14
"1599",-6.32708,38.39059,14
"1600",-6.32714,38.39042,14
"1601",-6.32721,38.3904,14
"1602",-6.32735,38.39228,14
"1603",-6.32735,38.39228,14
"1604",-6.32742,38.38999,14
"1605",-6.32743,38.39145,14
"1606",-6.32743,38.39145,14
"1607",-6.32743,38.39145,14
"1608",-6.32759,38.39045,14
"1609",-6.32776,38.39162,14
"1610",-6.32789,38.39031,14
"1611",-6.32797,38.39239,14
"1612",-6.32805,38.39206,14
"1613",-6.32826,38.39008,14
"1614",-6.32826,38.39008,14
"1615",-6.32826,38.39008,14
"1616",-6.32832,38.39198,14
"1617",-6.32832,38.39218,14
"1618",-6.32846,38.39182,14
"1619",-6.32851,38.3908,14
"1620",-6.32874,38.39226,14
"1621",-6.32874,38.39226,14
"1622",-6.32936,38.39052,14
"1623",-6.32952,38.39181,14
"1624",-6.32956,38.39096,14
"1625",-6.32966,38.39112,14
"1626",-6.32974,38.39077,14
"1627",-6.32974,38.39127,14
"1628",-6.32979,38.39156,14
"1629",-6.32997,38.39152,14
"1630",-6.3301,38.39062,14
"1631",-6.33028,38.39167,14
"1632",-6.33035,38.39037,14
"1633",-6.33035,38.39037,14
"1634",-6.33047,38.3907,14
"1635",-6.33051,38.3909,14
"1636",-6.33062,38.39117,14
"1637",-6.33062,38.39117,14
"1638",-6.33065,38.39194,14
"1639",-6.33069,38.39067,14
"1640",-6.33071,38.39067,14
"1641",-6.33098,38.39071,14
"1642",-6.331,38.39069,14
"1643",-6.33115,38.39042,14
"1644",-6.33116,38.39098,14
"1645",-6.33117,38.39235,14
"1646",-6.33119,38.39349,14
"1647",-6.3312,38.39154,14
"1648",-6.3312,38.39367,14
"1649",-6.3316,38.39056,14
"1650",-6.3316,38.39056,14
"1651",-6.3316,38.39056,14
"1652",-6.33162,38.3923,14
"1653",-6.33165,38.39019,14
"1654",-6.33166,38.39219,14
"1655",-6.33167,38.3922,14
"1656",-6.33169,38.39208,14
"1657",-6.33182,38.39278,14
"1658",-6.33188,38.39038,14
"1659",-6.33188,38.39038,14
"1660",-6.33189,38.3903,14
"1661",-6.33205,38.39022,14
"1662",-6.33205,38.39022,14
"1663",-6.33218,38.39104,14
"1664",-6.33238,38.39126,14
"1665",-6.33243,38.39047,14
"1666",-6.3327,38.39143,14
"1667",-6.33274,38.39069,14
"1668",-6.33275,38.39045,14
"1669",-6.33292,38.39086,14
"1670",-6.33295,38.38998,14
"1671",-6.33296,38.39018,14
"1672",-6.3331,38.39061,14
"1673",-6.33315,38.39082,14
"1674",-6.33315,38.39082,14
"1675",-6.33315,38.39141,14
"1676",-6.33319,38.3923,14
"1677",-6.33323,38.39031,14
"1678",-6.33332,38.39103,14
"1679",-6.33333,38.39092,14
"1680",-6.33336,38.39104,14
"1681",-6.33342,38.39204,14
"1682",-6.33348,38.39077,14
"1683",-6.33361,38.3908,14
"1684",-6.33362,38.39071,14
"1685",-6.33364,38.39071,14
"1686",-6.33371,38.39103,14
"1687",-6.33374,38.39331,14
"1688",-6.33387,38.39138,14
"1689",-6.33388,38.39292,14
"1690",-6.33389,38.39229,14
"1691",-6.33389,38.39089,14
"1692",-6.3339,38.39281,14
"1693",-6.33402,38.3915,14
"1694",-6.33404,38.3923,14
"1695",-6.3341,38.39309,14
"1696",-6.33411,38.39276,14
"1697",-6.33412,38.39307,14
"1698",-6.33412,38.39307,14
"1699",-6.33431,38.39204,14
"1700",-6.33431,38.39283,14
"1701",-6.33432,38.39237,14
"1702",-6.33434,38.39156,14
"1703",-6.33435,38.39199,14
"1704",-6.33444,38.39236,14
"1705",-6.33447,38.39476,14
"1706",-6.33456,38.39208,14
"1707",-6.33493,38.39386,14
"1708",-6.33495,38.3957,14
"1709",-6.335,38.39407,14
"1710",-6.33503,38.39392,14
"1711",-6.33513,38.39429,14
"1712",-6.3354,38.3946,14
"1713",-6.32679,38.38572,15
"1714",-6.32697,38.38669,15
"1715",-6.3274,38.38584,15
"1716",-6.32745,38.38435,15
"1717",-6.32759,38.38662,15
"1718",-6.32766,38.38421,15
"1719",-6.32779,38.38395,15
"1720",-6.32808,38.38629,15
"1721",-6.32829,38.38196,15
"1722",-6.32852,38.38577,15
"1723",-6.3286,38.38314,15
"1724",-6.32861,38.38511,15
"1725",-6.32869,38.38448,15
"1726",-6.32869,38.3823,15
"1727",-6.32873,38.38185,15
"1728",-6.32886,38.38451,15
"1729",-6.3289,38.38521,15
"1730",-6.3289,38.38521,15
"1731",-6.32892,38.38205,15
"1732",-6.32896,38.38668,15
"1733",-6.32899,38.38447,15
"1734",-6.32901,38.38601,15
"1735",-6.32906,38.38729,15
"1736",-6.32926,38.38274,15
"1737",-6.32926,38.38616,15
"1738",-6.32927,38.38654,15
"1739",-6.32934,38.38449,15
"1740",-6.32936,38.38475,15
"1741",-6.32937,38.3821,15
"1742",-6.32939,38.38517,15
"1743",-6.32939,38.38533,15
"1744",-6.32939,38.38533,15
"1745",-6.32942,38.38646,15
"1746",-6.32943,38.38594,15
"1747",-6.32949,38.38576,15
"1748",-6.3295,38.38183,15
"1749",-6.32954,38.385,15
"1750",-6.32965,38.38704,15
"1751",-6.32966,38.38485,15
"1752",-6.32967,38.38464,15
"1753",-6.32989,38.3861,15
"1754",-6.32991,38.38766,15
"1755",-6.33007,38.38625,15
"1756",-6.33008,38.38607,15
"1757",-6.3301,38.38731,15
"1758",-6.3301,38.38731,15
"1759",-6.33017,38.38402,15
"1760",-6.33019,38.38593,15
"1761",-6.3302,38.38757,15
"1762",-6.3302,38.38692,15
"1763",-6.33028,38.38634,15
"1764",-6.33028,38.38634,15
"1765",-6.33028,38.38634,15
"1766",-6.3303,38.38721,15
"1767",-6.33043,38.38531,15
"1768",-6.33071,38.38735,15
"1769",-6.33073,38.38295,15
"1770",-6.33073,38.383,15
"1771",-6.33078,38.38549,15
"1772",-6.3308,38.38709,15
"1773",-6.33084,38.38356,15
"1774",-6.33086,38.38335,15
"1775",-6.33086,38.38335,15
"1776",-6.33092,38.3835,15
"1777",-6.33096,38.38476,15
"1778",-6.33102,38.3863,15
"1779",-6.33102,38.3863,15
"1780",-6.33102,38.3863,15
"1781",-6.33105,38.38391,15
"1782",-6.33109,38.38684,15
"1783",-6.33111,38.38422,15
"1784",-6.33111,38.38422,15
"1785",-6.33113,38.38488,15
"1786",-6.33113,38.38483,15
"1787",-6.33115,38.38522,15
"1788",-6.33116,38.38354,15
"1789",-6.33117,38.38379,15
"1790",-6.33118,38.38471,15
"1791",-6.33122,38.38579,15
"1792",-6.33126,38.3855,15
"1793",-6.33127,38.38572,15
"1794",-6.3313,38.38531,15
"1795",-6.33135,38.38562,15
"1796",-6.33139,38.3863,15
"1797",-6.3314,38.38624,15
"1798",-6.33141,38.38745,15
"1799",-6.33141,38.38745,15
"1800",-6.33148,38.38409,15
"1801",-6.33164,38.3867,15
"1802",-6.33164,38.3867,15
"1803",-6.33168,38.38732,15
"1804",-6.33169,38.38668,15
"1805",-6.3317,38.38522,15
"1806",-6.3317,38.38693,15
"1807",-6.3317,38.38674,15
"1808",-6.33171,38.38384,15
"1809",-6.33173,38.38672,15
"1810",-6.33173,38.3871,15
"1811",-6.33173,38.3871,15
"1812",-6.33173,38.3846,15
"1813",-6.33175,38.38059,15
"1814",-6.33177,38.38036,15
"1815",-6.33178,38.38487,15
"1816",-6.3318,38.38316,15
"1817",-6.33185,38.38167,15
"1818",-6.33189,38.38388,15
"1819",-6.331891,38.38388,15
"1820",-6.33191,38.38405,15
"1821",-6.33192,38.3866,15
"1822",-6.33192,38.38281,15
"1823",-6.33192,38.3866,15
"1824",-6.33193,38.38674,15
"1825",-6.33195,38.38295,15
"1826",-6.33203,38.38674,15
"1827",-6.33204,38.3834,15
"1828",-6.33206,38.38316,15
"1829",-6.33206,38.38316,15
"1830",-6.33208,38.38372,15
"1831",-6.33208,38.38315,15
"1832",-6.33211,38.38471,15
"1833",-6.33213,38.38562,15
"1834",-6.33215,38.38633,15
"1835",-6.33216,38.38503,15
"1836",-6.33227,38.38128,15
"1837",-6.33228,38.38588,15
"1838",-6.33228,38.38588,15
"1839",-6.33229,38.38559,15
"1840",-6.33259,38.38146,15
"1841",-6.33264,38.38153,15
"1842",-6.3243,38.33687,16
"1843",-6.3245,38.33741,16
"1844",-6.32486,38.34574,16
"1845",-6.32507,38.35394,16
"1846",-6.32518,38.33464,16
"1847",-6.32524,38.35097,16
"1848",-6.32544,38.34736,16
"1849",-6.32547,38.35393,16
"1850",-6.32552,38.33636,16
"1851",-6.32629,38.3599,16
"1852",-6.33288,38.3427,16
"1853",-6.33305,38.34697,16
"1854",-6.33332,38.33092,16
"1855",-6.33344,38.34258,16
"1856",-6.33411,38.346,16
"1857",-6.33437,38.33265,16
"1858",-6.33442,38.38638,16
"1859",-6.33442,38.38638,16
"1860",-6.33442,38.38638,16
"1861",-6.33444,38.38636,16
"1862",-6.33451,38.38547,16
"1863",-6.33454,38.38703,16
"1864",-6.33459,38.38454,16
"1865",-6.33463,38.38576,16
"1866",-6.33464,38.38407,16
"1867",-6.33466,38.38716,16
"1868",-6.33476,38.3868,16
"1869",-6.33478,38.38612,16
"1870",-6.33485,38.38644,16
"1871",-6.33485,38.38459,16
"1872",-6.33491,38.3832,16
"1873",-6.33499,38.3835,16
"1874",-6.335,38.38508,16
"1875",-6.33501,38.38698,16
"1876",-6.33502,38.38651,16
"1877",-6.33508,38.38511,16
"1878",-6.33508,38.38502,16
"1879",-6.33509,38.38521,16
"1880",-6.33521,38.38678,16
"1881",-6.33523,38.38472,16
"1882",-6.33523,38.38585,16
"1883",-6.33525,38.38528,16
"1884",-6.33526,38.38232,16
"1885",-6.33526,38.38477,16
"1886",-6.33527,38.38487,16
"1887",-6.33535,38.3841,16
"1888",-6.33538,38.38583,16
"1889",-6.33539,38.38189,16
"1890",-6.33539,38.38189,16
"1891",-6.3354,38.38614,16
"1892",-6.33544,38.38634,16
"1893",-6.33545,38.38446,16
"1894",-6.33548,38.38673,16
"1895",-6.33548,38.38424,16
"1896",-6.3355,38.38328,16
"1897",-6.33551,38.38593,16
"1898",-6.33551,38.38552,16
"1899",-6.33551,38.38552,16
"1900",-6.33551,38.38593,16
"1901",-6.33551,38.38593,16
"1902",-6.33551,38.38612,16
"1903",-6.33552,38.38618,16
"1904",-6.33554,38.3813,16
"1905",-6.33555,38.38398,16
"1906",-6.33556,38.38186,16
"1907",-6.33557,38.38541,16
"1908",-6.33558,38.38559,16
"1909",-6.33559,38.38459,16
"1910",-6.33559,38.38587,16
"1911",-6.3356,38.38282,16
"1912",-6.33561,38.38502,16
"1913",-6.33561,38.34576,16
"1914",-6.33566,38.38651,16
"1915",-6.33566,38.38651,16
"1916",-6.33566,38.38651,16
"1917",-6.33567,38.38617,16
"1918",-6.33571,38.38549,16
"1919",-6.33575,38.38534,16
"1920",-6.33581,38.38442,16
"1921",-6.33581,38.3849,16
"1922",-6.33589,38.38602,16
"1923",-6.33593,38.38618,16
"1924",-6.33593,38.38548,16
"1925",-6.33593,38.38618,16
"1926",-6.336,38.38593,16
"1927",-6.33601,38.38601,16
"1928",-6.33601,38.38601,16
"1929",-6.33603,38.38457,16
"1930",-6.33604,38.38499,16
"1931",-6.33605,38.38559,16
"1932",-6.33606,38.38479,16
"1933",-6.33607,38.38561,16
"1934",-6.33607,38.38561,16
"1935",-6.33638,38.38557,16
"1936",-6.33639,38.38422,16
"1937",-6.33658,38.38564,16
"1938",-6.33659,38.38489,16
"1939",-6.33661,38.38198,16
"1940",-6.33678,38.35482,16
"1941",-6.33688,38.38333,16
"1942",-6.3369,38.38339,16
"1943",-6.3369,38.38339,16
"1944",-6.33703,38.38326,16
"1945",-6.33716,38.38338,16
"1946",-6.33725,38.33501,16
"1947",-6.33732,38.35435,16
"1948",-6.33799,38.3377,16
"1949",-6.33801,38.38094,16
"1950",-6.33902,38.34,16
"1951",-6.33955,38.36072,16
"1952",-6.33961,38.35522,16
"1953",-6.33961,38.37918,16
"1954",-6.33967,38.3791,16
"1955",-6.33975,38.36434,16
"1956",-6.34018,38.36655,16
"1957",-6.34018,38.36656,16
"1958",-6.34109,38.36449,16
"1959",-6.34265,38.33682,16
"1960",-6.34359,38.35847,16
"1961",-6.34359,38.35847,16
"1962",-6.34633,38.34491,16
"1963",-6.34709,38.3449,16
"1964",-6.34821,38.35131,16
"1965",-6.34907,38.36746,16
"1966",-6.34927,38.36755,16
"1967",-6.34939,38.36305,16
"1968",-6.35009,38.36583,16
"1969",-6.35141,38.34261,16
"1970",-6.35231,38.36679,16
"1971",-6.3363,38.39046,17
"1972",-6.33633,38.39064,17
"1973",-6.33635,38.38978,17
"1974",-6.33645,38.3906,17
"1975",-6.3365,38.39073,17
"1976",-6.33664,38.39067,17
"1977",-6.33672,38.391,17
"1978",-6.33679,38.38874,17
"1979",-6.33683,38.38871,17
"1980",-6.33688,38.39061,17
"1981",-6.33692,38.39057,17
"1982",-6.33696,38.38881,17
"1983",-6.33697,38.38977,17
"1984",-6.33697,38.38977,17
"1985",-6.33715,38.39032,17
"1986",-6.33715,38.39032,17
"1987",-6.33721,38.38958,17
"1988",-6.33722,38.39032,17
"1989",-6.33724,38.38847,17
"1990",-6.33732,38.38778,17
"1991",-6.33737,38.38971,17
"1992",-6.33738,38.39221,17
"1993",-6.33742,38.38842,17
"1994",-6.33749,38.39013,17
"1995",-6.33753,38.39039,17
"1996",-6.33761,38.39022,17
"1997",-6.33767,38.38929,17
"1998",-6.33771,38.39048,17
"1999",-6.33773,38.38774,17
"2000",-6.33773,38.38774,17
"2001",-6.33773,38.39059,17
"2002",-6.33781,38.39048,17
"2003",-6.33785,38.38789,17
"2004",-6.33785,38.38789,17
"2005",-6.33785,38.38789,17
"2006",-6.33796,38.38752,17
"2007",-6.33803,38.38766,17
"2008",-6.33803,38.38766,17
"2009",-6.33806,38.38832,17
"2010",-6.33822,38.39224,17
"2011",-6.33838,38.38742,17
"2012",-6.33838,38.38743,17
"2013",-6.33839,38.39255,17
"2014",-6.33841,38.3915,17
"2015",-6.33845,38.38811,17
"2016",-6.33852,38.38915,17
"2017",-6.33852,38.38914,17
"2018",-6.33855,38.38738,17
"2019",-6.33862,38.38742,17
"2020",-6.33865,38.39094,17
"2021",-6.33865,38.39094,17
"2022",-6.33874,38.38964,17
"2023",-6.33874,38.38729,17
"2024",-6.33899,38.38909,17
"2025",-6.33926,38.38851,17
"2026",-6.33929,38.3866,17
"2027",-6.33952,38.38703,17
"2028",-6.33955,38.3863,17
"2029",-6.33972,38.38715,17
"2030",-6.33977,38.38869,17
"2031",-6.33979,38.38699,17
"2032",-6.33984,38.38596,17
"2033",-6.33989,38.38871,17
"2034",-6.33991,38.38689,17
"2035",-6.33996,38.38623,17
"2036",-6.34042,38.38694,17
"2037",-6.34042,38.38694,17
"2038",-6.3405,38.38869,17
"2039",-6.34088,38.38859,17
"2040",-6.34088,38.38971,17
"2041",-6.34109,38.38751,17
"2042",-6.34109,38.38751,17
"2043",-6.3414,38.38768,17
"2044",-6.3416,38.389,17
"2045",-6.34224,38.3896,17
"2046",-6.34253,38.38993,17
"2047",-6.34257,38.3913,17
"2048",-6.34263,38.38953,17
"2049",-6.34299,38.3919,17
"2050",-6.34299,38.38719,17
"2051",-6.34311,38.39005,17
"2052",-6.34321,38.39183,17
"2053",-6.3433,38.39198,17
"2054",-6.34341,38.38887,17
"2055",-6.34407,38.39118,17
"2056",-6.34431,38.39161,17
"2057",-6.34454,38.3919,17
"2058",-6.34458,38.39236,17
"2059",-6.34464,38.39298,17
"2060",-6.3447,38.39126,17
"2061",-6.3447,38.39327,17
"2062",-6.3449,38.39245,17
"2063",-6.34492,38.39278,17
"2064",-6.34521,38.39114,17
"2065",-6.34525,38.39044,17
"2066",-6.34525,38.39341,17
"2067",-6.34526,38.38967,17
"2068",-6.34537,38.39187,17
"2069",-6.34575,38.39086,17
"2070",-6.34582,38.39119,17
"2071",-6.34696,38.39046,17
"2072",-6.34707,38.3893,17
"2073",-6.34729,38.39059,17
"2074",-6.3485,38.39364,17
"2075",-6.34875,38.39473,17
"2076",-6.34971,38.39105,17
"2077",-6.35028,38.38305,17
"2078",-6.35088,38.37791,17
"2079",-6.35162,38.3824,17
"2080",-6.35311,38.39689,17
"2081",-6.35386,38.38166,17
"2082",-6.35441,38.38105,17
"2083",-6.35623,38.38032,17
"2084",-6.35636,38.37982,17
"2085",-6.3567,38.37971,17
"2086",-6.35682,38.38006,17
"2087",-6.35762,38.37495,17
"2088",-6.35881,38.37539,17
"2089",-6.35941,38.37555,17
"2090",-6.35968,38.37629,17
"2091",-6.35984,38.37592,17
"2092",-6.35997,38.37633,17
"2093",-6.35999,38.37606,17
"2094",-6.36123,38.37757,17
"2095",-6.36161,38.3781,17
"2096",-6.36183,38.37756,17
"2097",-6.36207,38.37862,17
"2098",-6.36327,38.38073,17
"2099",-6.36699,38.38896,17
"2100",-6.44291,38.5991,18
"2101",-6.44223,38.59875,18
"2102",-6.4416,38.59709,18
"2103",-6.44157,38.59701,18
"2104",-6.43937,38.59839,18
"2105",-6.43756,38.59726,18
"2106",-6.43721,38.60025,18
"2107",-6.43675,38.59802,18
"2108",-6.43671,38.60017,18
"2109",-6.43567,38.59689,18
"2110",-6.43516,38.59667,18
"2111",-6.43509,38.59682,18
"2112",-6.43455,38.59271,18
"2113",-6.43451,38.59265,18
"2114",-6.43445,38.59274,18
"2115",-6.43445,38.59274,18
"2116",-6.43412,38.60141,18
"2117",-6.43349,38.59116,18
"2118",-6.4321,38.59211,18
"2119",-6.43149,38.57736,18
"2120",-6.43142,38.58165,18
"2121",-6.43123,38.57634,18
"2122",-6.43088,38.57933,18
"2123",-6.43054,38.59053,18
"2124",-6.43029,38.57603,18
"2125",-6.43029,38.58731,18
"2126",-6.43027,38.59092,18
"2127",-6.43023,38.57824,18
"2128",-6.43015,38.58133,18
"2129",-6.43,38.57621,18
"2130",-6.4297,38.57773,18
"2131",-6.42963,38.59175,18
"2132",-6.42951,38.59179,18
"2133",-6.42933,38.59177,18
"2134",-6.4293,38.59023,18
"2135",-6.4292,38.58809,18
"2136",-6.42911,38.58342,18
"2137",-6.42901,38.57572,18
"2138",-6.42897,38.58311,18
"2139",-6.42885,38.58096,18
"2140",-6.42871,38.58189,18
"2141",-6.4287,38.58206,18
"2142",-6.42869,38.57985,18
"2143",-6.42868,38.58165,18
"2144",-6.42861,38.57961,18
"2145",-6.42849,38.58248,18
"2146",-6.42848,38.58503,18
"2147",-6.42836,38.59042,18
"2148",-6.42835,38.58208,18
"2149",-6.42811,38.58574,18
"2150",-6.42811,38.58674,18
"2151",-6.42802,38.58519,18
"2152",-6.42795,38.58537,18
"2153",-6.42778,38.58548,18
"2154",-6.42763,38.57688,18
"2155",-6.42761,38.58578,18
"2156",-6.42746,38.58582,18
"2157",-6.42746,38.58589,18
"2158",-6.42708,38.58242,18
"2159",-6.42704,38.57609,18
"2160",-6.42701,38.59208,18
"2161",-6.42666,38.5923,18
"2162",-6.42659,38.58665,18
"2163",-6.42649,38.58644,18
"2164",-6.42648,38.57638,18
"2165",-6.42628,38.59212,18
"2166",-6.42594,38.58542,18
"2167",-6.42591,38.59039,18
"2168",-6.42578,38.57419,18
"2169",-6.42559,38.5863,18
"2170",-6.42517,38.57555,18
"2171",-6.42517,38.57554,18
"2172",-6.42466,38.58677,18
"2173",-6.42456,38.58656,18
"2174",-6.42379,38.58571,18
"2175",-6.42365,38.58638,18
"2176",-6.42365,38.58638,18
"2177",-6.42363,38.57777,18
"2178",-6.42362,38.58349,18
"2179",-6.42359,38.5846,18
"2180",-6.42344,38.58789,18
"2181",-6.42335,38.58791,18
"2182",-6.42332,38.57072,18
"2183",-6.42297,38.58783,18
"2184",-6.42295,38.58047,18
"2185",-6.42256,38.58777,18
"2186",-6.42252,38.58043,18
"2187",-6.42244,38.58082,18
"2188",-6.42234,38.58682,18
"2189",-6.42201,38.58273,18
"2190",-6.4219,38.5858,18
"2191",-6.42175,38.58244,18
"2192",-6.42143,38.58989,18
"2193",-6.42114,38.57972,18
"2194",-6.42041,38.56963,18
"2195",-6.42035,38.57708,18
"2196",-6.42009,38.56959,18
"2197",-6.41996,38.58985,18
"2198",-6.41843,38.59073,18
"2199",-6.4179,38.57119,18
"2200",-6.41775,38.57864,18
"2201",-6.41752,38.57137,18
"2202",-6.41603,38.57706,18
"2203",-6.4159,38.57638,18
"2204",-6.41583,38.5691,18
"2205",-6.41565,38.56917,18
"2206",-6.41488,38.58566,18
"2207",-6.41482,38.57762,18
"2208",-6.41386,38.56908,18
"2209",-6.41381,38.57332,18
"2210",-6.41369,38.5733,18
"2211",-6.41335,38.57612,18
"2212",-6.41199,38.57545,18
"2213",-6.41192,38.5748,18
"2214",-6.41176,38.57384,18
"2215",-6.4116,38.57341,18
"2216",-6.41131,38.57105,18
"2217",-6.4113,38.57419,18
"2218",-6.41056,38.57091,18
"2219",-6.41041,38.56932,18
"2220",-6.4103,38.5733,18
"2221",-6.41019,38.57409,18
"2222",-6.41001,38.57354,18
"2223",-6.40976,38.57322,18
"2224",-6.40961,38.57441,18
"2225",-6.40945,38.57451,18
"2226",-6.40933,38.57412,18
"2227",-6.40931,38.57483,18
"2228",-6.40797,38.57273,18
"2229",-6.43445,38.53274,19
"2230",-6.43018,38.50037,19
"2231",-6.43007,38.50055,19
"2232",-6.42936,38.49967,19
"2233",-6.42849,38.53247,19
"2234",-6.42735,38.56008,19
"2235",-6.42652,38.55582,19
"2236",-6.42652,38.55582,19
"2237",-6.42641,38.55551,19
"2238",-6.42599,38.55255,19
"2239",-6.42595,38.56256,19
"2240",-6.42552,38.55274,19
"2241",-6.42536,38.55797,19
"2242",-6.42417,38.55118,19
"2243",-6.42381,38.50565,19
"2244",-6.42298,38.50636,19
"2245",-6.4228,38.50668,19
"2246",-6.42273,38.5061,19
"2247",-6.42263,38.50645,19
"2248",-6.42263,38.50649,19
"2249",-6.42253,38.50749,19
"2250",-6.42226,38.50816,19
"2251",-6.42211,38.50937,19
"2252",-6.42187,38.508,19
"2253",-6.42119,38.55341,19
"2254",-6.42071,38.55523,19
"2255",-6.41966,38.55201,19
"2256",-6.41937,38.52278,19
"2257",-6.419,38.52328,19
"2258",-6.41562,38.56529,19
"2259",-6.41423,38.55281,19
"2260",-6.41404,38.55373,19
"2261",-6.41385,38.55322,19
"2262",-6.41317,38.55851,19
"2263",-6.41198,38.55428,19
"2264",-6.41195,38.55472,19
"2265",-6.41193,38.55455,19
"2266",-6.41159,38.55429,19
"2267",-6.41127,38.55419,19
"2268",-6.41121,38.55424,19
"2269",-6.41105,38.55515,19
"2270",-6.41082,38.55438,19
"2271",-6.41046,38.55212,19
"2272",-6.41031,38.55243,19
"2273",-6.41014,38.55593,19
"2274",-6.40755,38.56847,19
"2275",-6.40656,38.56949,19
"2276",-6.40655,38.55851,19
"2277",-6.40634,38.56899,19
"2278",-6.40621,38.56975,19
"2279",-6.40608,38.56821,19
"2280",-6.40551,38.55818,19
"2281",-6.40502,38.55822,19
"2282",-6.4049,38.5698,19
"2283",-6.40477,38.57034,19
"2284",-6.40391,38.55198,19
"2285",-6.40379,38.54653,19
"2286",-6.40302,38.55591,19
"2287",-6.40288,38.5694,19
"2288",-6.40269,38.55905,19
"2289",-6.40267,38.55902,19
"2290",-6.40249,38.56884,19
"2291",-6.40242,38.54767,19
"2292",-6.40224,38.54802,19
"2293",-6.4022,38.56969,19
"2294",-6.40208,38.5699,19
"2295",-6.40187,38.5697,19
"2296",-6.40134,38.55742,19
"2297",-6.40107,38.55748,19
"2298",-6.40102,38.55765,19
"2299",-6.40102,38.55765,19
"2300",-6.40078,38.54702,19
"2301",-6.40019,38.55579,19
"2302",-6.40014,38.55619,19
"2303",-6.40007,38.55634,19
"2304",-6.40006,38.55644,19
"2305",-6.39986,38.55785,19
"2306",-6.39969,38.55819,19
"2307",-6.39962,38.55791,19
"2308",-6.39936,38.55722,19
"2309",-6.39929,38.55791,19
"2310",-6.39912,38.55785,19
"2311",-6.39906,38.55744,19
"2312",-6.39881,38.55706,19
"2313",-6.39879,38.55753,19
"2314",-6.39878,38.54752,19
"2315",-6.39874,38.55798,19
"2316",-6.39866,38.55755,19
"2317",-6.39849,38.55815,19
"2318",-6.39847,38.55815,19
"2319",-6.39845,38.55798,19
"2320",-6.39834,38.55787,19
"2321",-6.3983,38.5581,19
"2322",-6.3979,38.55854,19
"2323",-6.39788,38.55817,19
"2324",-6.39776,38.55922,19
"2325",-6.39762,38.55805,19
"2326",-6.39757,38.56328,19
"2327",-6.39756,38.55784,19
"2328",-6.39756,38.55784,19
"2329",-6.39749,38.55788,19
"2330",-6.39741,38.55907,19
"2331",-6.39733,38.55913,19
"2332",-6.39698,38.5584,19
"2333",-6.39692,38.55577,19
"2334",-6.39652,38.55953,19
"2335",-6.39637,38.55866,19
"2336",-6.39637,38.55866,19
"2337",-6.39625,38.55875,19
"2338",-6.39624,38.55875,19
"2339",-6.39551,38.56349,19
"2340",-6.39607,38.6194,20
"2341",-6.39376,38.62037,20
"2342",-6.39308,38.62124,20
"2343",-6.39301,38.62137,20
"2344",-6.39294,38.62132,20
"2345",-6.39287,38.62087,20
"2346",-6.39285,38.62098,20
"2347",-6.39278,38.61964,20
"2348",-6.39268,38.62121,20
"2349",-6.39258,38.62126,20
"2350",-6.39247,38.61609,20
"2351",-6.39239,38.62097,20
"2352",-6.39221,38.61385,20
"2353",-6.39213,38.61739,20
"2354",-6.39201,38.61583,20
"2355",-6.39198,38.61629,20
"2356",-6.39198,38.61629,20
"2357",-6.39191,38.62332,20
"2358",-6.39188,38.61959,20
"2359",-6.39185,38.61989,20
"2360",-6.39166,38.61903,20
"2361",-6.39164,38.61985,20
"2362",-6.39164,38.61985,20
"2363",-6.39162,38.61781,20
"2364",-6.39154,38.61436,20
"2365",-6.39154,38.61389,20
"2366",-6.39153,38.61389,20
"2367",-6.39152,38.61406,20
"2368",-6.39149,38.61244,20
"2369",-6.39149,38.61244,20
"2370",-6.39146,38.6142,20
"2371",-6.39144,38.61619,20
"2372",-6.39143,38.61089,20
"2373",-6.39136,38.61579,20
"2374",-6.39136,38.61339,20
"2375",-6.39134,38.61932,20
"2376",-6.39132,38.61697,20
"2377",-6.39132,38.61462,20
"2378",-6.39129,38.61848,20
"2379",-6.39128,38.61407,20
"2380",-6.39108,38.61956,20
"2381",-6.39094,38.61106,20
"2382",-6.39081,38.61742,20
"2383",-6.39075,38.61617,20
"2384",-6.39071,38.61717,20
"2385",-6.3907,38.61941,20
"2386",-6.3907,38.61732,20
"2387",-6.39069,38.61733,20
"2388",-6.39068,38.61732,20
"2389",-6.39065,38.61995,20
"2390",-6.39064,38.61902,20
"2391",-6.39063,38.61332,20
"2392",-6.39058,38.61121,20
"2393",-6.39054,38.61695,20
"2394",-6.39052,38.61941,20
"2395",-6.39041,38.6175,20
"2396",-6.39041,38.61715,20
"2397",-6.39041,38.61775,20
"2398",-6.39036,38.61156,20
"2399",-6.39015,38.61655,20
"2400",-6.39015,38.61655,20
"2401",-6.39011,38.6173,20
"2402",-6.3901,38.61463,20
"2403",-6.3901,38.61704,20
"2404",-6.39007,38.61482,20
"2405",-6.39007,38.61482,20
"2406",-6.39002,38.61768,20
"2407",-6.39,38.61399,20
"2408",-6.38999,38.61877,20
"2409",-6.38997,38.61757,20
"2410",-6.38997,38.61814,20
"2411",-6.38995,38.60788,20
"2412",-6.38989,38.61607,20
"2413",-6.38988,38.61405,20
"2414",-6.38986,38.61268,20
"2415",-6.3898,38.61805,20
"2416",-6.38977,38.6175,20
"2417",-6.38967,38.6151,20
"2418",-6.38965,38.61293,20
"2419",-6.38962,38.61279,20
"2420",-6.3896,38.61288,20
"2421",-6.38951,38.61308,20
"2422",-6.38951,38.6133,20
"2423",-6.38942,38.61535,20
"2424",-6.38938,38.61327,20
"2425",-6.38937,38.61586,20
"2426",-6.38936,38.6145,20
"2427",-6.38926,38.61428,20
"2428",-6.3892,38.61413,20
"2429",-6.38918,38.61294,20
"2430",-6.38918,38.61294,20
"2431",-6.38918,38.61294,20
"2432",-6.38908,38.61386,20
"2433",-6.38906,38.61534,20
"2434",-6.38905,38.62237,20
"2435",-6.38904,38.61374,20
"2436",-6.38898,38.61708,20
"2437",-6.38892,38.61605,20
"2438",-6.3889,38.61216,20
"2439",-6.38889,38.61229,20
"2440",-6.38882,38.61336,20
"2441",-6.38864,38.61173,20
"2442",-6.38862,38.61364,20
"2443",-6.38852,38.61332,20
"2444",-6.38848,38.61285,20
"2445",-6.38843,38.61817,20
"2446",-6.38837,38.6182,20
"2447",-6.38837,38.61249,20
"2448",-6.38834,38.61243,20
"2449",-6.38819,38.61342,20
"2450",-6.38816,38.61285,20
"2451",-6.38816,38.61285,20
"2452",-6.388,38.61355,20
"2453",-6.38798,38.61014,20
"2454",-6.38782,38.61362,20
"2455",-6.3878,38.61118,20
"2456",-6.38759,38.61106,20
"2457",-6.38759,38.60902,20
"2458",-6.38756,38.61055,20
"2459",-6.38738,38.60835,20
"2460",-6.38708,38.60648,20
"2461",-6.38707,38.60937,20
"2462",-6.38695,38.61671,20
"2463",-6.38695,38.60725,20
"2464",-6.38692,38.61642,20
"2465",-6.38692,38.6072,20
"2466",-6.38668,38.60609,20
"2467",-6.38652,38.60624,20
"2468",-6.38648,38.61654,20
"2469",-6.44843,38.62416,21
"2470",-6.43971,38.63591,21
"2471",-6.43941,38.61961,21
"2472",-6.43936,38.64515,21
"2473",-6.42732,38.61944,21
"2474",-6.42064,38.61745,21
"2475",-6.42006,38.63181,21
"2476",-6.41982,38.63169,21
"2477",-6.41959,38.62455,21
"2478",-6.41947,38.62406,21
"2479",-6.41761,38.63183,21
"2480",-6.41161,38.62193,21
"2481",-6.41131,38.6302,21
"2482",-6.40874,38.6292,21
"2483",-6.40773,38.63147,21
"2484",-6.40741,38.6186,21
"2485",-6.40741,38.6186,21
"2486",-6.4071,38.63008,21
"2487",-6.40704,38.61898,21
"2488",-6.40701,38.6312,21
"2489",-6.40694,38.61861,21
"2490",-6.40694,38.61861,21
"2491",-6.40564,38.63062,21
"2492",-6.40019,38.64043,21
"2493",-6.40006,38.61973,21
"2494",-6.39965,38.62763,21
"2495",-6.3996,38.61745,21
"2496",-6.39881,38.63855,21
"2497",-6.39881,38.63228,21
"2498",-6.39868,38.6321,21
"2499",-6.39863,38.63186,21
"2500",-6.39862,38.63168,21
"2501",-6.39843,38.6316,21
"2502",-6.3983,38.63256,21
"2503",-6.39829,38.63146,21
"2504",-6.39828,38.63924,21
"2505",-6.39789,38.63239,21
"2506",-6.39767,38.63201,21
"2507",-6.39619,38.63122,21
"2508",-6.39508,38.63108,21
"2509",-6.39335,38.63437,21
"2510",-6.38961,38.6319,21
"2511",-6.38279,38.62959,21
"2512",-6.37698,38.62644,21
"2513",-6.37543,38.63059,21
"2514",-6.37424,38.62592,21
"2515",-6.3722,38.63133,21
"2516",-6.3722,38.63133,21
"2517",-6.37021,38.62349,21
"2518",-6.37005,38.62828,21
"2519",-6.36982,38.62554,21
"2520",-6.36868,38.62563,21
"2521",-6.36857,38.62389,21
"2522",-6.36853,38.62748,21
"2523",-6.36851,38.62753,21
"2524",-6.36843,38.62748,21
"2525",-6.36836,38.62629,21
"2526",-6.36834,38.6275,21
"2527",-6.36814,38.62605,21
"2528",-6.36808,38.62763,21
"2529",-6.36804,38.62618,21
"2530",-6.36791,38.62609,21
"2531",-6.36781,38.62609,21
"2532",-6.36779,38.62634,21
"2533",-6.36772,38.62642,21
"2534",-6.36771,38.62627,21
"2535",-6.36766,38.62669,21
"2536",-6.36761,38.62651,21
"2537",-6.36755,38.62642,21
"2538",-6.36751,38.62588,21
"2539",-6.36739,38.62622,21
"2540",-6.36739,38.62633,21
"2541",-6.36685,38.62581,21
"2542",-6.36645,38.62847,21
"2543",-6.36634,38.62867,21
"2544",-6.36627,38.62512,21
"2545",-6.36605,38.62498,21
"2546",-6.3628,38.61987,21
"2547",-6.36006,38.63752,21
"2548",-6.35862,38.61912,21
"2549",-6.35808,38.63379,21
"2550",-6.35782,38.64471,21
"2551",-6.35759,38.64519,21
"2552",-6.35748,38.64472,21
"2553",-6.35627,38.6298,21
"2554",-6.35578,38.63237,21
"2555",-6.35549,38.64395,21
"2556",-6.35529,38.63496,21
"2557",-6.35466,38.63976,21
"2558",-6.35419,38.64435,21
"2559",-6.35334,38.63612,21
"2560",-6.35285,38.64148,21
"2561",-6.35285,38.64185,21
"2562",-6.35261,38.63607,21
"2563",-6.35226,38.63614,21
"2564",-6.35169,38.64801,21
"2565",-6.35107,38.64513,21
"2566",-6.35107,38.64513,21
"2567",-6.35065,38.6458,21
"2568",-6.34918,38.6357,21
"2569",-6.34721,38.63692,21
"2570",-6.34715,38.63675,21
"2571",-6.34706,38.64204,21
"2572",-6.34694,38.63649,21
"2573",-6.34678,38.63734,21
"2574",-6.34651,38.63715,21
"2575",-6.34487,38.63706,21
"2576",-6.34433,38.63646,21
"2577",-6.34016,38.66109,21
"2578",-6.33844,38.65982,21
"2579",-6.29489,38.67172,21
"2580",-6.29399,38.67284,21
"2581",-6.29247,38.67223,21
"2582",-6.289,38.66051,21
"2583",-6.28818,38.65767,21
"2584",-6.28751,38.67221,21
"2585",-6.28674,38.66105,21
"2586",-6.28559,38.67189,21
"2587",-6.28492,38.67551,21
"2588",-6.2837,38.67174,21
"2589",-6.28271,38.66511,21
"2590",-6.28209,38.67526,21
"2591",-6.28132,38.66784,21
"2592",-6.27953,38.69901,21
"2593",-6.27501,38.68527,21
"2594",-6.27454,38.68713,21
"2595",-6.27433,38.66333,21
"2596",-6.2732,38.68783,21
"2597",-6.43436,38.6135,22
"2598",-6.43335,38.61462,22
"2599",-6.41819,38.58317,22
"2600",-6.41807,38.58173,22
"2601",-6.41722,38.58107,22
"2602",-6.41634,38.59184,22
"2603",-6.41598,38.59784,22
"2604",-6.41581,38.57976,22
"2605",-6.4156,38.60433,22
"2606",-6.41477,38.59169,22
"2607",-6.41461,38.59243,22
"2608",-6.41446,38.59902,22
"2609",-6.41439,38.59223,22
"2610",-6.41368,38.58269,22
"2611",-6.41366,38.59342,22
"2612",-6.41351,38.59213,22
"2613",-6.41338,38.58319,22
"2614",-6.41298,38.59446,22
"2615",-6.41277,38.59473,22
"2616",-6.41265,38.59638,22
"2617",-6.41265,38.5951,22
"2618",-6.41243,38.59435,22
"2619",-6.41243,38.5837,22
"2620",-6.41237,38.58216,22
"2621",-6.41234,38.58494,22
"2622",-6.41234,38.58494,22
"2623",-6.41222,38.59841,22
"2624",-6.41202,38.58083,22
"2625",-6.41202,38.58188,22
"2626",-6.41201,38.5802,22
"2627",-6.41178,38.58364,22
"2628",-6.41162,38.5805,22
"2629",-6.41098,38.59629,22
"2630",-6.41097,38.60226,22
"2631",-6.41089,38.59656,22
"2632",-6.41078,38.59604,22
"2633",-6.41071,38.59766,22
"2634",-6.41062,38.59652,22
"2635",-6.4106,38.59617,22
"2636",-6.41059,38.59637,22
"2637",-6.41052,38.59639,22
"2638",-6.41049,38.59615,22
"2639",-6.41021,38.57958,22
"2640",-6.40963,38.58627,22
"2641",-6.40947,38.59909,22
"2642",-6.40947,38.59909,22
"2643",-6.40926,38.60968,22
"2644",-6.40913,38.57803,22
"2645",-6.40895,38.58362,22
"2646",-6.40889,38.57801,22
"2647",-6.40872,38.58269,22
"2648",-6.40839,38.58275,22
"2649",-6.40828,38.59906,22
"2650",-6.40796,38.599,22
"2651",-6.40795,38.59059,22
"2652",-6.40794,38.58099,22
"2653",-6.40788,38.59906,22
"2654",-6.40788,38.58329,22
"2655",-6.40774,38.59901,22
"2656",-6.40769,38.58188,22
"2657",-6.40756,38.58118,22
"2658",-6.40746,38.5812,22
"2659",-6.40741,38.58091,22
"2660",-6.40739,38.58652,22
"2661",-6.40739,38.58652,22
"2662",-6.40738,38.58078,22
"2663",-6.4072,38.58061,22
"2664",-6.4072,38.5806,22
"2665",-6.4072,38.57737,22
"2666",-6.4072,38.58059,22
"2667",-6.40712,38.59196,22
"2668",-6.40704,38.58909,22
"2669",-6.40665,38.59002,22
"2670",-6.40658,38.59183,22
"2671",-6.40657,38.59374,22
"2672",-6.40647,38.58989,22
"2673",-6.40625,38.58957,22
"2674",-6.40612,38.59894,22
"2675",-6.40605,38.59609,22
"2676",-6.40594,38.59967,22
"2677",-6.40594,38.58724,22
"2678",-6.4059,38.58849,22
"2679",-6.40576,38.59985,22
"2680",-6.40569,38.59434,22
"2681",-6.40551,38.61525,22
"2682",-6.40467,38.59011,22
"2683",-6.40455,38.58324,22
"2684",-6.40446,38.59898,22
"2685",-6.40432,38.61493,22
"2686",-6.40416,38.58036,22
"2687",-6.40416,38.58036,22
"2688",-6.40416,38.5829,22
"2689",-6.40399,38.59949,22
"2690",-6.40348,38.58707,22
"2691",-6.40322,38.58637,22
"2692",-6.40317,38.61458,22
"2693",-6.40297,38.60673,22
"2694",-6.40293,38.60765,22
"2695",-6.40293,38.6064,22
"2696",-6.40251,38.60609,22
"2697",-6.40251,38.60609,22
"2698",-6.40191,38.59961,22
"2699",-6.40191,38.59961,22
"2700",-6.40118,38.61086,22
"2701",-6.40115,38.60025,22
"2702",-6.40115,38.60027,22
"2703",-6.40111,38.60022,22
"2704",-6.40111,38.60022,22
"2705",-6.40091,38.60521,22
"2706",-6.4007,38.60461,22
"2707",-6.40044,38.60515,22
"2708",-6.40012,38.60193,22
"2709",-6.39965,38.60873,22
"2710",-6.39918,38.60571,22
"2711",-6.39903,38.60544,22
"2712",-6.39887,38.5918,22
"2713",-6.39878,38.58765,22
"2714",-6.39862,38.59988,22
"2715",-6.39807,38.59143,22
"2716",-6.39789,38.59151,22
"2717",-6.39753,38.59161,22
"2718",-6.39744,38.60056,22
"2719",-6.39715,38.59167,22
"2720",-6.39611,38.60071,22
"2721",-6.39536,38.59757,22
"2722",-6.3942,38.59457,22
"2723",-6.39323,38.59912,22
"2724",-6.3932,38.59653,22
"2725",-6.39036,38.60022,22
"2726",-6.5765,38.86054,23
"2727",-6.57687,38.86166,23
"2728",-6.57782,38.85112,23
"2729",-6.57996,38.85128,23
"2730",-6.58147,38.85059,23
"2731",-6.58965,38.86865,23
"2732",-6.59258,38.87476,23
"2733",-6.59323,38.87535,23
"2734",-6.57068,38.85585,23
"2735",-6.57094,38.8533,23
"2736",-6.57111,38.85822,23
"2737",-6.57154,38.84317,23
"2738",-6.5721,38.84286,23
"2739",-6.57221,38.85867,23
"2740",-6.57271,38.85477,23
"2741",-6.57288,38.84427,23
"2742",-6.57317,38.85686,23
"2743",-6.57326,38.85869,23
"2744",-6.57326,38.85687,23
"2745",-6.57332,38.859,23
"2746",-6.57359,38.85766,23
"2747",-6.57373,38.85464,23
"2748",-6.57446,38.85764,23
"2749",-6.57457,38.85554,23
"2750",-6.57466,38.85548,23
"2751",-6.5747,38.84411,23
"2752",-6.57473,38.86509,23
"2753",-6.5753,38.85867,23
"2754",-6.57551,38.8643,23
"2755",-6.57554,38.85551,23
"2756",-6.57561,38.86411,23
"2757",-6.57562,38.86397,23
"2758",-6.57567,38.86278,23
"2759",-6.57575,38.85628,23
"2760",-6.57629,38.85695,23
"2761",-6.5764,38.85823,23
"2762",-6.57646,38.86386,23
"2763",-6.57696,38.85136,23
"2764",-6.5772,38.85279,23
"2765",-6.5775,38.84967,23
"2766",-6.57913,38.85965,23
"2767",-6.57925,38.85904,23
"2768",-6.5793,38.85765,23
"2769",-6.57934,38.84817,23
"2770",-6.57935,38.85305,23
"2771",-6.57937,38.85952,23
"2772",-6.57962,38.85249,23
"2773",-6.57962,38.85248,23
"2774",-6.57966,38.85381,23
"2775",-6.57972,38.8581,23
"2776",-6.58023,38.85805,23
"2777",-6.58032,38.85854,23
"2778",-6.58037,38.85967,23
"2779",-6.58053,38.8526,23
"2780",-6.58085,38.86079,23
"2781",-6.58087,38.85838,23
"2782",-6.58091,38.85972,23
"2783",-6.58117,38.8577,23
"2784",-6.58122,38.85966,23
"2785",-6.58129,38.85439,23
"2786",-6.58139,38.85443,23
"2787",-6.58143,38.8584,23
"2788",-6.58145,38.85969,23
"2789",-6.58148,38.85161,23
"2790",-6.58148,38.85161,23
"2791",-6.58149,38.8518,23
"2792",-6.58189,38.85173,23
"2793",-6.58198,38.85413,23
"2794",-6.58202,38.85127,23
"2795",-6.58203,38.85166,23
"2796",-6.58218,38.85473,23
"2797",-6.58225,38.85885,23
"2798",-6.58239,38.85377,23
"2799",-6.58252,38.85941,23
"2800",-6.58254,38.85103,23
"2801",-6.58256,38.84966,23
"2802",-6.58256,38.85723,23
"2803",-6.58274,38.85089,23
"2804",-6.58274,38.85265,23
"2805",-6.58275,38.8514,23
"2806",-6.58302,38.85814,23
"2807",-6.58307,38.85885,23
"2808",-6.58317,38.8516,23
"2809",-6.5832,38.86032,23
"2810",-6.58368,38.85876,23
"2811",-6.58384,38.85212,23
"2812",-6.58391,38.85916,23
"2813",-6.58392,38.8539,23
"2814",-6.58393,38.85941,23
"2815",-6.58418,38.85253,23
"2816",-6.58452,38.85213,23
"2817",-6.58477,38.85947,23
"2818",-6.58478,38.85821,23
"2819",-6.58514,38.86141,23
"2820",-6.58521,38.8603,23
"2821",-6.58537,38.861,23
"2822",-6.58538,38.8592,23
"2823",-6.5854,38.86124,23
"2824",-6.58559,38.86063,23
"2825",-6.58575,38.85376,23
"2826",-6.58584,38.86195,23
"2827",-6.58597,38.86171,23
"2828",-6.58616,38.86198,23
"2829",-6.58629,38.85344,23
"2830",-6.5863,38.85418,23
"2831",-6.58634,38.85975,23
"2832",-6.58664,38.87398,23
"2833",-6.58727,38.86045,23
"2834",-6.58794,38.85742,23
"2835",-6.58801,38.85775,23
"2836",-6.58818,38.85799,23
"2837",-6.58861,38.87275,23
"2838",-6.58861,38.87275,23
"2839",-6.5893,38.86118,23
"2840",-6.58981,38.86069,23
"2841",-6.58982,38.86081,23
"2842",-6.59028,38.87276,23
"2843",-6.59033,38.871,23
"2844",-6.59049,38.87324,23
"2845",-6.59091,38.86111,23
"2846",-6.591,38.87295,23
"2847",-6.59124,38.85955,23
"2848",-6.59296,38.86926,23
